Date,Obs_Q_cumecs
01/01/2000,0.7764
02/01/2000,0.7808
03/01/2000,0.7302
04/01/2000,0.6917
05/01/2000,0.6984
06/01/2000,0.664
07/01/2000,0.6341
08/01/2000,0.6042
09/01/2000,0.5464
10/01/2000,0.5289
11/01/2000,0.5136
12/01/2000,0.4872
13/01/2000,0.4924
14/01/2000,0.5135
15/01/2000,0.5077
16/01/2000,0.5662
17/01/2000,0.516
18/01/2000,0.4764
19/01/2000,0.4524
20/01/2000,0.4295
21/01/2000,0.4406
22/01/2000,0.6156
23/01/2000,0.6079
24/01/2000,0.5751
25/01/2000,0.4825
26/01/2000,0.4317
27/01/2000,0.4239
28/01/2000,0.4446
29/01/2000,0.4276
30/01/2000,0.5051
31/01/2000,0.702
01/02/2000,0.6511
02/02/2000,0.5093
03/02/2000,0.4673
04/02/2000,0.4528
05/02/2000,0.4326
06/02/2000,0.4241
07/02/2000,0.405
08/02/2000,0.4133
09/02/2000,0.3693
10/02/2000,0.3369
11/02/2000,0.3316
12/02/2000,0.3178
13/02/2000,0.2983
14/02/2000,0.3054
15/02/2000,0.2972
16/02/2000,0.2685
17/02/2000,0.2663
18/02/2000,0.2918
19/02/2000,0.3092
20/02/2000,0.2897
21/02/2000,0.2901
22/02/2000,0.2697
23/02/2000,0.2631
24/02/2000,0.2411
25/02/2000,0.2191
26/02/2000,0.2207
27/02/2000,0.2315
28/02/2000,0.2585
29/02/2000,0.2277
01/03/2000,0.2103
02/03/2000,0.2278
03/03/2000,0.2234
04/03/2000,0.2545
05/03/2000,0.2629
06/03/2000,0.2461
07/03/2000,0.212
08/03/2000,0.1854
09/03/2000,0.1901
10/03/2000,0.2192
11/03/2000,0.1847
12/03/2000,0.1802
13/03/2000,0.178
14/03/2000,0.1774
15/03/2000,0.1664
16/03/2000,0.1537
17/03/2000,0.1473
18/03/2000,0.1374
19/03/2000,0.1354
20/03/2000,0.1352
21/03/2000,0.131
22/03/2000,0.1242
23/03/2000,0.2965
24/03/2000,0.4277
25/03/2000,0.2668
26/03/2000,0.2246
27/03/2000,0.2144
28/03/2000,0.1911
29/03/2000,0.182
30/03/2000,0.1772
31/03/2000,0.1882
01/04/2000,0.3744
02/04/2000,0.6638
03/04/2000,0.591
04/04/2000,0.5589
05/04/2000,0.7535
06/04/2000,0.6907
07/04/2000,0.586
08/04/2000,0.5419
09/04/2000,0.4657
10/04/2000,0.4321
11/04/2000,0.6058
12/04/2000,2.513
13/04/2000,2.3055
14/04/2000,1.4014
15/04/2000,1.0424
16/04/2000,0.9193
17/04/2000,0.8909
18/04/2000,0.8251
19/04/2000,0.7414
20/04/2000,0.6894
21/04/2000,0.6304
22/04/2000,0.685
23/04/2000,0.9115
24/04/2000,1.7768
25/04/2000,4.3537
26/04/2000,9.9592
27/04/2000,3.8934
28/04/2000,2.6645
29/04/2000,1.9162
30/04/2000,1.5635
01/05/2000,1.3543
02/05/2000,1.1097
03/05/2000,0.9983
04/05/2000,0.8895
05/05/2000,0.8063
06/05/2000,0.7389
07/05/2000,0.6778
08/05/2000,0.6239
09/05/2000,0.5755
10/05/2000,0.5418
11/05/2000,0.5055
12/05/2000,0.4929
31/05/2000,0.3542
01/06/2000,0.3081
02/06/2000,0.2622
03/06/2000,0.2443
04/06/2000,0.2461
05/06/2000,0.2354
06/06/2000,0.2518
07/06/2000,0.2233
08/06/2000,0.2349
09/06/2000,0.229
10/06/2000,0.209
11/06/2000,0.1898
12/06/2000,0.1802
13/06/2000,0.1567
14/06/2000,0.1501
15/06/2000,0.1395
16/06/2000,0.1357
17/06/2000,0.1373
18/06/2000,0.1317
19/06/2000,0.1281
20/06/2000,0.123
21/06/2000,0.1238
22/06/2000,0.339
23/06/2000,0.1827
24/06/2000,0.1481
25/06/2000,0.127
26/06/2000,0.1146
27/06/2000,0.1101
28/06/2000,0.1001
29/06/2000,0.0959
30/06/2000,0.0966
01/07/2000,0.0966
02/07/2000,0.0844
03/07/2000,0.0781
04/07/2000,0.075
05/07/2000,0.0675
06/07/2000,0.0639
07/07/2000,0.074
08/07/2000,0.0934
09/07/2000,0.3352
10/07/2000,0.2186
11/07/2000,0.1432
12/07/2000,0.1188
13/07/2000,0.1045
14/07/2000,0.0938
15/07/2000,0.0915
16/07/2000,0.0904
17/07/2000,0.0896
18/07/2000,0.0893
19/07/2000,0.0883
20/07/2000,0.0891
21/07/2000,0.0919
22/07/2000,0.0896
23/07/2000,0.0891
24/07/2000,0.0873
25/07/2000,0.089
26/07/2000,0.0885
27/07/2000,0.0912
28/07/2000,0.1175
29/07/2000,0.0951
30/07/2000,0.179
31/07/2000,0.1079
01/08/2000,0.1005
02/08/2000,0.0932
03/08/2000,0.0927
04/08/2000,0.0912
05/08/2000,0.0911
06/08/2000,0.085
07/08/2000,0.0848
08/08/2000,0.143
09/08/2000,0.1836
10/08/2000,0.0989
11/08/2000,0.0949
12/08/2000,0.0951
13/08/2000,0.138
14/08/2000,0.2817
15/08/2000,0.1616
16/08/2000,0.1304
17/08/2000,0.1438
18/08/2000,0.1347
19/08/2000,0.9449
20/08/2000,0.3876
21/08/2000,0.5615
22/08/2000,0.3668
23/08/2000,0.2452
24/08/2000,0.1859
25/08/2000,0.1613
26/08/2000,0.1688
27/08/2000,0.2529
28/08/2000,0.2392
29/08/2000,0.1777
30/08/2000,0.1527
31/08/2000,0.1722
01/09/2000,0.4533
02/09/2000,0.3761
03/09/2000,0.258
04/09/2000,0.2214
05/09/2000,0.2209
06/09/2000,0.5447
07/09/2000,0.5199
08/09/2000,0.3061
09/09/2000,0.235
10/09/2000,0.2183
11/09/2000,0.6677
12/09/2000,0.5688
13/09/2000,0.4213
14/09/2000,0.3632
15/09/2000,0.3177
16/09/2000,0.2849
17/09/2000,0.2938
18/09/2000,0.3509
19/09/2000,0.8133
20/09/2000,1.461
21/09/2000,0.7572
22/09/2000,0.7596
23/09/2000,0.5909
24/09/2000,0.5281
25/09/2000,0.6647
26/09/2000,0.7447
27/09/2000,0.8001
28/09/2000,0.6086
29/09/2000,0.5194
30/09/2000,0.4917
01/10/2000,0.4666
02/10/2000,0.4111
03/10/2000,0.5888
04/10/2000,0.7438
05/10/2000,0.508
06/10/2000,0.4422
07/10/2000,0.5171
08/10/2000,0.4728
09/10/2000,2.8402
10/10/2000,6.5368
11/10/2000,5.3674
12/10/2000,4.679
13/10/2000,2.787
14/10/2000,2.0051
15/10/2000,1.6062
16/10/2000,1.3456
17/10/2000,1.1056
18/10/2000,0.9747
19/10/2000,0.8573
20/10/2000,0.8093
21/10/2000,0.7292
22/10/2000,0.6924
23/10/2000,0.6561
24/10/2000,0.6279
25/10/2000,0.6172
26/10/2000,0.5643
27/10/2000,0.5456
28/10/2000,1.1096
29/10/2000,0.8315
30/10/2000,0.6637
31/10/2000,0.5892
01/11/2000,0.5388
02/11/2000,0.5143
03/11/2000,0.4966
04/11/2000,0.4631
05/11/2000,0.4543
06/11/2000,3.9427
07/11/2000,6.8497
08/11/2000,7.29
09/11/2000,3.6255
10/11/2000,2.5058
11/11/2000,2.0032
12/11/2000,1.8523
13/11/2000,1.4433
14/11/2000,1.1778
15/11/2000,1.0897
16/11/2000,1.1593
17/11/2000,0.9637
18/11/2000,0.9478
19/11/2000,2.6163
20/11/2000,2.2421
21/11/2000,2.4034
22/11/2000,3.2072
23/11/2000,1.7122
24/11/2000,1.4029
25/11/2000,1.3505
26/11/2000,1.3756
27/11/2000,1.1297
28/11/2000,1.0907
29/11/2000,1.0474
30/11/2000,0.9397
01/12/2000,1.0417
02/12/2000,0.9579
03/12/2000,0.8396
04/12/2000,0.8321
05/12/2000,0.837
06/12/2000,0.7671
07/12/2000,0.7318
08/12/2000,2.571
09/12/2000,1.3195
10/12/2000,1.0506
11/12/2000,0.9704
12/12/2000,1.0924
13/12/2000,1.0073
14/12/2000,1.4693
15/12/2000,1.1234
16/12/2000,0.9379
17/12/2000,0.8424
18/12/2000,0.7949
19/12/2000,0.9744
20/12/2000,1.1195
21/12/2000,0.899
22/12/2000,0.8247
23/12/2000,0.9786
24/12/2000,0.8477
25/12/2000,0.7555
26/12/2000,0.7062
27/12/2000,0.6447
28/12/2000,0.6197
29/12/2000,0.6125
30/12/2000,0.5929
31/12/2000,0.6009
01/01/2001,0.9346
02/01/2001,1.3312
03/01/2001,0.9122
04/01/2001,0.9771
05/01/2001,0.7888
06/01/2001,0.6909
07/01/2001,0.6381
08/01/2001,0.6441
09/01/2001,0.5797
10/01/2001,0.5337
11/01/2001,0.5118
12/01/2001,0.5119
13/01/2001,0.4831
14/01/2001,0.4578
15/01/2001,0.4458
16/01/2001,0.422
17/01/2001,0.407
18/01/2001,0.4009
19/01/2001,0.3922
20/01/2001,0.3906
21/01/2001,0.403
22/01/2001,2.5604
23/01/2001,2.0949
24/01/2001,1.2949
25/01/2001,0.9125
26/01/2001,0.8051
27/01/2001,0.7146
28/01/2001,0.6353
29/01/2001,0.5845
30/01/2001,0.5506
31/01/2001,0.5242
01/02/2001,0.5648
02/02/2001,1.0314
03/02/2001,1.1823
04/02/2001,0.796
05/02/2001,0.7224
06/02/2001,0.7868
07/02/2001,0.9111
08/02/2001,0.7435
09/02/2001,0.6587
10/02/2001,0.7698
11/02/2001,2.2023
12/02/2001,2.1178
13/02/2001,1.4672
14/02/2001,1.2269
15/02/2001,1.2365
16/02/2001,1.0617
17/02/2001,1.0961
18/02/2001,0.9824
19/02/2001,1.073
20/02/2001,1.2734
21/02/2001,1.1817
22/02/2001,1.0273
23/02/2001,0.9242
24/02/2001,0.815
25/02/2001,0.7614
26/02/2001,0.6961
27/02/2001,0.7199
28/02/2001,0.6487
01/03/2001,0.6034
02/03/2001,0.5752
03/03/2001,0.5453
04/03/2001,0.5259
05/03/2001,0.622
06/03/2001,0.6804
07/03/2001,1.1225
08/03/2001,1.0529
09/03/2001,0.8631
10/03/2001,0.8072
11/03/2001,0.9221
12/03/2001,2.3791
13/03/2001,1.6517
14/03/2001,1.2091
15/03/2001,0.9894
16/03/2001,0.8887
17/03/2001,0.833
18/03/2001,0.7977
19/03/2001,0.7402
20/03/2001,0.7
21/03/2001,0.7142
22/03/2001,0.7342
23/03/2001,0.8753
24/03/2001,1.0436
25/03/2001,0.9067
26/03/2001,0.7652
27/03/2001,0.8532
28/03/2001,1.9129
29/03/2001,1.5808
30/03/2001,1.1812
31/03/2001,1.0585
01/04/2001,0.9393
02/04/2001,0.9161
03/04/2001,0.8268
04/04/2001,0.7637
05/04/2001,0.7213
06/04/2001,0.6967
07/04/2001,0.6562
08/04/2001,0.6084
09/04/2001,0.5866
10/04/2001,0.5522
11/04/2001,0.5307
12/04/2001,0.4971
13/04/2001,0.4815
14/04/2001,0.4668
15/04/2001,0.4477
16/04/2001,0.4234
17/04/2001,0.4239
16/05/2001,0.3341
17/05/2001,0.3032
18/05/2001,0.2613
19/05/2001,0.2409
20/05/2001,0.2256
21/05/2001,0.2238
22/05/2001,0.2081
23/05/2001,0.1968
24/05/2001,0.1888
25/05/2001,0.1875
26/05/2001,0.1746
27/05/2001,0.1724
28/05/2001,0.1622
29/05/2001,0.1487
30/05/2001,0.1564
31/05/2001,0.1534
01/06/2001,0.1623
02/06/2001,0.1618
03/06/2001,0.1475
04/06/2001,0.1342
05/06/2001,0.1363
06/06/2001,0.1478
07/06/2001,0.1589
08/06/2001,0.1491
09/06/2001,0.1476
10/06/2001,0.1319
11/06/2001,0.124
12/06/2001,0.1179
13/06/2001,0.117
14/06/2001,0.1146
15/06/2001,0.1367
16/06/2001,0.1183
17/06/2001,0.1097
18/06/2001,0.1007
19/06/2001,0.1056
20/06/2001,0.0938
21/06/2001,0.0923
22/06/2001,0.0922
23/06/2001,0.0921
24/06/2001,0.0914
25/06/2001,0.0906
26/06/2001,0.0966
27/06/2001,0.0925
28/06/2001,0.0921
29/06/2001,0.0907
30/06/2001,0.0864
01/07/2001,0.0852
02/07/2001,0.0825
03/07/2001,0.0805
04/07/2001,0.0792
05/07/2001,0.0779
06/07/2001,0.0773
07/07/2001,0.0753
08/07/2001,0.0759
09/07/2001,0.0777
10/07/2001,0.0909
11/07/2001,0.1528
12/07/2001,0.132
13/07/2001,0.1026
14/07/2001,0.0962
15/07/2001,0.1024
16/07/2001,0.1217
17/07/2001,0.1013
18/07/2001,0.0967
19/07/2001,0.0954
20/07/2001,0.0955
21/07/2001,0.0954
22/07/2001,0.0944
23/07/2001,0.093
24/07/2001,0.0913
25/07/2001,0.0911
26/07/2001,0.0906
27/07/2001,0.1394
28/07/2001,0.0947
29/07/2001,0.0932
30/07/2001,0.0902
31/07/2001,0.0891
01/08/2001,0.0887
02/08/2001,0.0912
03/08/2001,0.0907
04/08/2001,0.1064
05/08/2001,0.1087
06/08/2001,0.0957
07/08/2001,0.0958
08/08/2001,0.0953
09/08/2001,0.0936
10/08/2001,0.0932
11/08/2001,0.0933
12/08/2001,0.0923
13/08/2001,0.0912
14/08/2001,0.0917
15/08/2001,0.1176
16/08/2001,0.2359
17/08/2001,0.1259
18/08/2001,0.105
19/08/2001,1.4194
20/08/2001,0.6114
21/08/2001,0.2991
22/08/2001,0.2133
23/08/2001,0.1693
24/08/2001,0.1412
25/08/2001,0.124
26/08/2001,0.1043
27/08/2001,0.095
28/08/2001,0.0993
29/08/2001,0.0963
30/08/2001,0.4511
31/08/2001,0.3176
01/09/2001,0.2056
02/09/2001,0.1599
03/09/2001,0.1414
04/09/2001,0.1233
05/09/2001,0.1126
06/09/2001,0.1051
07/09/2001,0.2942
08/09/2001,0.2378
09/09/2001,0.1908
10/09/2001,0.162
11/09/2001,0.1391
12/09/2001,0.1377
13/09/2001,0.1646
14/09/2001,0.1616
15/09/2001,0.1429
16/09/2001,0.1381
17/09/2001,0.132
18/09/2001,0.1297
19/09/2001,0.1303
20/09/2001,0.1807
21/09/2001,0.1739
22/09/2001,0.1523
23/09/2001,0.1411
24/09/2001,0.1641
25/09/2001,0.1455
26/09/2001,0.1346
27/09/2001,0.1333
28/09/2001,0.1491
29/09/2001,0.1672
30/09/2001,0.2662
01/10/2001,0.3286
02/10/2001,0.1985
03/10/2001,0.1524
04/10/2001,0.1349
05/10/2001,0.1559
06/10/2001,0.1819
07/10/2001,0.3977
08/10/2001,1.4909
09/10/2001,0.8889
10/10/2001,0.5649
11/10/2001,0.4619
12/10/2001,0.3876
13/10/2001,0.3489
14/10/2001,0.3594
15/10/2001,0.4018
16/10/2001,0.3489
17/10/2001,0.31
18/10/2001,0.4989
19/10/2001,0.4994
20/10/2001,3.198
21/10/2001,2.452
22/10/2001,1.5217
23/10/2001,2.0135
24/10/2001,1.2639
25/10/2001,1.0033
26/10/2001,0.8636
27/10/2001,0.748
28/10/2001,0.6685
29/10/2001,0.6261
30/10/2001,0.7419
31/10/2001,0.7508
01/11/2001,0.6312
02/11/2001,0.5546
03/11/2001,0.5073
04/11/2001,0.484
05/11/2001,0.5059
06/11/2001,0.6307
07/11/2001,0.5838
08/11/2001,0.6198
09/11/2001,0.6085
10/11/2001,1.3696
11/11/2001,0.8258
12/11/2001,0.7612
13/11/2001,0.6623
14/11/2001,0.6221
15/11/2001,0.5785
16/11/2001,0.5529
17/11/2001,0.5355
18/11/2001,0.5359
19/11/2001,0.5162
20/11/2001,0.5014
21/11/2001,0.5016
22/11/2001,0.5009
23/11/2001,0.5034
24/11/2001,0.4928
25/11/2001,0.4666
26/11/2001,0.4521
27/11/2001,0.4609
28/11/2001,0.4391
29/11/2001,0.434
30/11/2001,0.8324
01/12/2001,1.1291
02/12/2001,0.6608
03/12/2001,0.7945
04/12/2001,0.7438
05/12/2001,0.6057
06/12/2001,0.5482
07/12/2001,0.548
08/12/2001,0.5294
09/12/2001,0.5145
10/12/2001,0.4783
11/12/2001,0.4501
12/12/2001,0.4303
13/12/2001,0.417
14/12/2001,0.4341
15/12/2001,0.4629
16/12/2001,0.4556
17/12/2001,0.4423
18/12/2001,0.4301
19/12/2001,0.4499
20/12/2001,0.5676
21/12/2001,1.0387
22/12/2001,0.6697
23/12/2001,0.9601
24/12/2001,1.6075
25/12/2001,0.9682
26/12/2001,0.8018
27/12/2001,0.784
28/12/2001,0.9509
29/12/2001,0.8166
30/12/2001,0.7005
31/12/2001,0.6414
01/01/2002,0.6048
02/01/2002,0.5994
03/01/2002,0.5554
04/01/2002,0.5414
05/01/2002,0.5379
06/01/2002,0.574
07/01/2002,0.6908
08/01/2002,0.7481
09/01/2002,0.9064
10/01/2002,0.7211
11/01/2002,0.8008
12/01/2002,1.7306
13/01/2002,1.2072
14/01/2002,0.9599
15/01/2002,0.8311
16/01/2002,0.7693
17/01/2002,0.7141
18/01/2002,0.6874
19/01/2002,0.648
20/01/2002,0.6968
21/01/2002,1.0078
22/01/2002,0.7685
23/01/2002,1.7844
24/01/2002,1.4606
25/01/2002,0.9696
26/01/2002,1.3694
27/01/2002,1.3132
28/01/2002,2.2113
29/01/2002,1.5383
30/01/2002,1.759
31/01/2002,1.3264
01/02/2002,1.646
02/02/2002,1.4682
03/02/2002,1.9459
04/02/2002,1.4223
05/02/2002,1.2207
06/02/2002,1.0968
07/02/2002,1.0318
08/02/2002,0.9796
09/02/2002,0.9129
10/02/2002,0.8601
11/02/2002,0.9552
12/02/2002,0.8517
13/02/2002,0.8229
14/02/2002,0.7665
15/02/2002,0.7252
16/02/2002,0.7014
17/02/2002,0.7193
18/02/2002,0.7098
19/02/2002,0.8513
20/02/2002,0.9771
21/02/2002,1.1186
22/02/2002,1.2531
23/02/2002,0.7781
24/02/2002,0.7341
25/02/2002,0.8228
26/02/2002,0.8604
27/02/2002,0.7855
28/02/2002,0.7822
01/03/2002,0.8258
02/03/2002,0.875
03/03/2002,0.8814
04/03/2002,0.7633
05/03/2002,0.7267
06/03/2002,0.7458
07/03/2002,0.6979
08/03/2002,0.6845
09/03/2002,0.6589
10/03/2002,0.7066
11/03/2002,0.6562
12/03/2002,0.593
13/03/2002,0.5776
14/03/2002,0.5681
15/03/2002,0.5567
16/03/2002,0.5609
17/03/2002,0.537
18/03/2002,0.5239
19/03/2002,0.4993
20/03/2002,0.4893
21/03/2002,0.6157
22/03/2002,0.671
23/03/2002,0.5661
24/03/2002,0.5239
25/03/2002,0.491
26/03/2002,0.4631
27/03/2002,0.4447
28/03/2002,0.4281
29/03/2002,0.4157
30/03/2002,0.4078
31/03/2002,0.4016
01/04/2002,0.3925
02/04/2002,0.3927
03/04/2002,0.3737
04/04/2002,0.3605
05/04/2002,0.3471
06/04/2002,0.3374
07/04/2002,0.3284
08/04/2002,0.3245
09/04/2002,0.3129
10/04/2002,0.3097
11/04/2002,0.3385
12/04/2002,0.3202
13/04/2002,0.3049
14/04/2002,0.3118
15/04/2002,0.2978
16/04/2002,0.2807
17/04/2002,0.2725
18/04/2002,0.2696
19/04/2002,0.258
20/04/2002,0.2506
21/04/2002,0.2449
22/04/2002,0.2329
23/04/2002,0.2277
24/04/2002,0.2179
25/04/2002,0.214
26/04/2002,0.2156
27/04/2002,0.2121
28/04/2002,0.2847
29/04/2002,0.2431
30/04/2002,0.2449
01/05/2002,0.2251
02/05/2002,0.3095
03/05/2002,0.2857
25/05/2002,0.1781
26/05/2002,0.1838
27/05/2002,0.328
28/05/2002,0.2966
29/05/2002,0.3314
30/05/2002,0.2197
31/05/2002,0.1777
01/06/2002,0.1662
02/06/2002,0.1639
03/06/2002,0.1626
04/06/2002,0.1479
05/06/2002,0.1578
06/06/2002,0.1412
07/06/2002,0.1574
08/06/2002,0.1914
09/06/2002,0.1913
10/06/2002,0.182
11/06/2002,0.1563
12/06/2002,0.1496
13/06/2002,0.2175
14/06/2002,0.3198
15/06/2002,0.269
16/06/2002,0.2106
17/06/2002,0.1741
18/06/2002,0.1657
19/06/2002,0.1452
20/06/2002,0.1597
21/06/2002,0.1518
22/06/2002,0.1489
23/06/2002,0.1366
24/06/2002,0.1309
25/06/2002,0.1203
26/06/2002,0.1216
27/06/2002,0.1283
28/06/2002,0.1206
29/06/2002,0.1316
30/06/2002,0.2141
01/07/2002,0.2763
02/07/2002,0.2702
03/07/2002,0.2073
04/07/2002,0.1792
05/07/2002,0.1648
06/07/2002,0.1652
07/07/2002,0.1651
08/07/2002,0.1576
09/07/2002,0.1329
10/07/2002,0.1206
11/07/2002,0.1645
12/07/2002,0.1371
13/07/2002,0.1208
14/07/2002,0.1172
15/07/2002,0.1058
16/07/2002,0.1087
17/07/2002,0.1569
18/07/2002,0.1356
19/07/2002,0.9909
20/07/2002,2.7895
21/07/2002,0.7127
22/07/2002,0.5397
23/07/2002,1.206
24/07/2002,0.6003
25/07/2002,0.5071
26/07/2002,0.4546
27/07/2002,0.4139
28/07/2002,0.4185
29/07/2002,0.6112
30/07/2002,0.7386
31/07/2002,0.6171
01/08/2002,0.4719
02/08/2002,0.4728
03/08/2002,1.1672
04/08/2002,0.7783
05/08/2002,0.5894
06/08/2002,0.5746
07/08/2002,0.8381
08/08/2002,0.7577
09/08/2002,0.6495
10/08/2002,0.5984
11/08/2002,0.6758
12/08/2002,0.6187
13/08/2002,0.5259
14/08/2002,0.4955
15/08/2002,0.4609
16/08/2002,0.4364
17/08/2002,0.4297
18/08/2002,0.4272
19/08/2002,0.4413
20/08/2002,0.4293
21/08/2002,0.4027
22/08/2002,0.4066
23/08/2002,0.6012
24/08/2002,0.6396
25/08/2002,0.4607
26/08/2002,0.4207
27/08/2002,0.473
28/08/2002,0.4485
29/08/2002,0.4092
30/08/2002,0.8273
31/08/2002,0.6098
01/09/2002,0.4766
02/09/2002,0.4224
03/09/2002,0.4047
04/09/2002,0.4003
05/09/2002,0.3941
06/09/2002,0.3674
07/09/2002,0.9371
08/09/2002,0.9837
09/09/2002,1.0828
10/09/2002,0.7031
11/09/2002,0.5793
12/09/2002,0.5273
13/09/2002,0.4921
14/09/2002,0.4684
15/09/2002,0.4561
16/09/2002,0.4386
17/09/2002,0.4233
18/09/2002,0.4046
19/09/2002,0.3883
20/09/2002,0.3687
21/09/2002,0.3565
22/09/2002,0.3479
23/09/2002,0.3407
24/09/2002,0.3322
25/09/2002,0.3333
26/09/2002,0.3223
27/09/2002,0.3124
28/09/2002,0.3083
29/09/2002,0.3059
30/09/2002,0.3158
01/10/2002,0.3056
02/10/2002,0.3041
03/10/2002,0.3059
04/10/2002,0.3037
05/10/2002,0.2905
06/10/2002,0.2874
07/10/2002,0.2864
08/10/2002,0.2986
09/10/2002,0.2864
10/10/2002,0.2991
11/10/2002,0.3197
12/10/2002,1.152
13/10/2002,4.7355
14/10/2002,3.1367
15/10/2002,1.7573
16/10/2002,1.2579
17/10/2002,1.3839
18/10/2002,3.4709
19/10/2002,1.591
20/10/2002,1.2001
21/10/2002,4.6005
22/10/2002,14.1041
23/10/2002,9.3187
24/10/2002,4.1497
25/10/2002,5.4975
26/10/2002,3.5181
27/10/2002,5.0836
28/10/2002,2.6645
29/10/2002,2.2095
30/10/2002,1.9119
31/10/2002,1.6693
01/11/2002,1.5457
02/11/2002,2.8603
03/11/2002,2.3888
04/11/2002,1.6441
05/11/2002,1.4269
06/11/2002,1.2817
07/11/2002,1.1536
08/11/2002,1.0924
09/11/2002,1.0231
10/11/2002,1.0086
11/11/2002,0.9323
12/11/2002,0.9237
13/11/2002,1.7435
14/11/2002,6.5717
15/11/2002,6.1345
16/11/2002,3.2178
17/11/2002,2.3052
18/11/2002,1.9408
19/11/2002,1.7457
20/11/2002,3.9168
21/11/2002,9.6173
22/11/2002,8.8135
23/11/2002,7.3824
24/11/2002,4.2353
25/11/2002,3.201
26/11/2002,2.5255
27/11/2002,2.8428
28/11/2002,2.322
29/11/2002,1.9057
30/11/2002,1.7493
01/12/2002,2.4706
02/12/2002,5.3574
03/12/2002,3.3085
04/12/2002,3.1007
05/12/2002,2.4316
06/12/2002,2.2253
07/12/2002,2.0226
08/12/2002,1.789
09/12/2002,1.5884
10/12/2002,1.4382
11/12/2002,1.361
12/12/2002,1.3107
13/12/2002,1.5087
14/12/2002,1.4753
15/12/2002,1.2869
16/12/2002,1.1895
17/12/2002,1.0739
18/12/2002,0.9868
19/12/2002,0.905
20/12/2002,0.861
21/12/2002,0.8527
22/12/2002,0.8714
23/12/2002,1.2216
24/12/2002,1.2353
25/12/2002,0.9817
26/12/2002,1.1209
27/12/2002,1.1575
28/12/2002,0.9651
29/12/2002,0.9407
30/12/2002,0.8798
31/12/2002,0.8318
01/01/2003,1.1703
02/01/2003,1.135
03/01/2003,0.9165
04/01/2003,0.8436
05/01/2003,0.8039
06/01/2003,0.7694
07/01/2003,0.7124
08/01/2003,0.6936
09/01/2003,0.7064
10/01/2003,0.6758
11/01/2003,0.6434
12/01/2003,0.8918
13/01/2003,0.9685
14/01/2003,0.799
15/01/2003,0.7774
16/01/2003,0.731
17/01/2003,0.6962
18/01/2003,0.6591
19/01/2003,0.6564
20/01/2003,0.8683
21/01/2003,0.758
22/01/2003,2.1603
23/01/2003,1.1581
24/01/2003,0.9693
25/01/2003,0.8749
26/01/2003,0.8346
27/01/2003,0.8006
28/01/2003,0.9078
29/01/2003,1.0142
30/01/2003,0.8581
31/01/2003,0.7957
01/02/2003,0.768
02/02/2003,0.7365
03/02/2003,0.691
04/02/2003,0.6637
05/02/2003,0.6321
06/02/2003,0.7411
07/02/2003,1.106
08/02/2003,1.2042
09/02/2003,0.8797
10/02/2003,0.7799
11/02/2003,0.7314
12/02/2003,0.701
13/02/2003,0.6773
14/02/2003,0.6361
15/02/2003,0.6037
16/02/2003,0.5888
17/02/2003,0.5697
18/02/2003,0.5527
19/02/2003,0.5476
20/02/2003,0.5423
21/02/2003,0.5186
22/02/2003,0.5144
23/02/2003,0.5215
24/02/2003,0.4966
25/02/2003,0.4915
26/02/2003,0.4774
27/02/2003,0.4646
28/02/2003,0.4784
01/03/2003,0.5735
02/03/2003,0.9333
03/03/2003,0.6247
04/03/2003,0.5779
05/03/2003,0.5274
06/03/2003,0.4906
07/03/2003,0.4922
08/03/2003,0.482
09/03/2003,0.4612
10/03/2003,0.4427
11/03/2003,0.4642
12/03/2003,0.442
13/03/2003,0.4249
14/03/2003,0.4113
15/03/2003,0.3955
16/03/2003,0.3849
17/03/2003,0.3763
18/03/2003,0.3699
19/03/2003,0.3631
20/03/2003,0.3529
21/03/2003,0.3462
22/03/2003,0.3369
23/03/2003,0.3291
24/03/2003,0.3205
25/03/2003,0.3121
26/03/2003,0.3081
27/03/2003,0.3052
28/03/2003,0.2985
29/03/2003,0.2848
30/03/2003,0.2744
31/03/2003,0.2825
01/04/2003,0.3001
02/04/2003,0.2938
03/04/2003,0.2681
04/04/2003,0.2548
05/04/2003,0.2512
06/04/2003,0.2514
07/04/2003,0.2456
08/04/2003,0.2423
09/04/2003,0.2407
10/04/2003,0.2329
11/04/2003,0.2246
12/04/2003,0.2218
13/04/2003,0.2183
14/04/2003,0.2153
15/04/2003,0.2058
16/04/2003,0.2151
17/04/2003,0.2105
18/04/2003,0.2177
19/04/2003,0.2191
20/04/2003,0.2086
21/04/2003,0.37
22/04/2003,0.4705
23/04/2003,0.2914
24/04/2003,0.2633
25/04/2003,0.2713
26/04/2003,0.2598
27/04/2003,0.2346
28/04/2003,0.3281
29/04/2003,0.2799
30/04/2003,0.4671
01/05/2003,0.9018
02/05/2003,2.0913
03/05/2003,0.9826
04/05/2003,0.7242
05/05/2003,0.5999
06/05/2003,0.5077
07/05/2003,0.4931
08/05/2003,0.4382
09/05/2003,0.4112
10/05/2003,0.3847
11/05/2003,0.3661
12/05/2003,0.3474
13/05/2003,0.3816
14/05/2003,0.3673
15/05/2003,0.334
16/05/2003,0.4264
17/05/2003,1.0099
18/05/2003,0.7913
19/05/2003,1.2455
20/05/2003,0.987
21/05/2003,0.9603
22/05/2003,0.7668
23/05/2003,0.691
24/05/2003,1.0384
25/05/2003,0.8552
26/05/2003,0.6888
27/05/2003,0.6043
28/05/2003,0.5636
29/05/2003,0.5139
30/05/2003,0.4867
31/05/2003,0.456
01/06/2003,0.4265
02/06/2003,0.3975
03/06/2003,0.3742
04/06/2003,0.3719
05/06/2003,0.3492
06/06/2003,0.323
07/06/2003,0.3077
08/06/2003,0.3121
09/06/2003,0.2895
10/06/2003,0.2895
11/06/2003,0.26
12/06/2003,0.2622
13/06/2003,0.2457
14/06/2003,0.2385
15/06/2003,0.2259
16/06/2003,0.2181
17/06/2003,0.2843
18/06/2003,0.24
19/06/2003,0.2114
20/06/2003,0.1958
21/06/2003,0.1938
22/06/2003,0.208
23/06/2003,0.2045
24/06/2003,0.1807
25/06/2003,0.1789
26/06/2003,0.1711
27/06/2003,0.1755
28/06/2003,0.168
29/06/2003,0.1564
30/06/2003,0.1591
01/07/2003,0.1559
02/07/2003,0.1479
03/07/2003,0.1425
04/07/2003,0.131
05/07/2003,0.142
06/07/2003,0.1402
07/07/2003,0.1468
08/07/2003,0.1364
09/07/2003,0.1276
10/07/2003,0.1242
11/07/2003,0.1236
12/07/2003,0.1167
13/07/2003,0.11
14/07/2003,0.1062
15/07/2003,0.1031
16/07/2003,0.0925
17/07/2003,0.0936
18/07/2003,0.1322
19/07/2003,0.1255
20/07/2003,0.1193
21/07/2003,0.1197
22/07/2003,0.1175
23/07/2003,0.1171
24/07/2003,0.0965
25/07/2003,0.1172
26/07/2003,0.1141
27/07/2003,0.0988
28/07/2003,0.1137
29/07/2003,0.1212
30/07/2003,0.1218
31/07/2003,0.129
01/08/2003,0.1082
02/08/2003,0.1024
03/08/2003,0.0982
04/08/2003,0.0901
05/08/2003,0.0941
06/08/2003,0.0889
07/08/2003,0.0811
08/08/2003,0.0741
09/08/2003,0.0727
10/08/2003,0.092
11/08/2003,0.0852
12/08/2003,0.086
13/08/2003,0.0805
14/08/2003,0.0768
15/08/2003,0.0826
16/08/2003,0.0823
17/08/2003,0.0838
18/08/2003,0.0793
19/08/2003,0.0738
20/08/2003,0.0825
21/08/2003,0.0922
22/08/2003,0.0782
23/08/2003,0.074
24/08/2003,0.0807
25/08/2003,0.082
26/08/2003,0.0802
27/08/2003,0.0854
28/08/2003,0.1144
29/08/2003,0.1191
30/08/2003,0.1088
31/08/2003,0.1069
01/09/2003,0.0982
02/09/2003,0.0952
03/09/2003,0.0902
04/09/2003,0.0867
05/09/2003,0.0851
06/09/2003,0.1049
07/09/2003,0.1021
08/09/2003,0.0969
09/09/2003,0.1111
10/09/2003,0.1031
11/09/2003,0.1061
12/09/2003,0.0956
13/09/2003,0.0953
14/09/2003,0.0924
15/09/2003,0.0861
16/09/2003,0.0872
17/09/2003,0.0814
18/09/2003,0.1237
19/09/2003,0.1246
20/09/2003,0.1578
21/09/2003,0.1502
22/09/2003,0.1476
23/09/2003,0.1403
24/09/2003,0.1473
25/09/2003,0.1446
26/09/2003,0.1422
27/09/2003,0.17
28/09/2003,0.1598
29/09/2003,0.1641
30/09/2003,0.1537
01/10/2003,0.1468
02/10/2003,0.1438
03/10/2003,0.1399
04/10/2003,0.1567
05/10/2003,0.1559
06/10/2003,0.1552
07/10/2003,0.1467
08/10/2003,0.1421
09/10/2003,0.1473
10/10/2003,0.1354
11/10/2003,0.14
12/10/2003,0.1437
13/10/2003,0.1446
14/10/2003,0.1438
15/10/2003,0.1407
16/10/2003,0.1528
17/10/2003,0.1486
18/10/2003,0.1523
19/10/2003,0.1668
20/10/2003,0.1883
21/10/2003,0.1915
22/10/2003,0.2468
23/10/2003,0.2178
24/10/2003,0.2096
25/10/2003,0.2897
26/10/2003,0.2864
27/10/2003,0.2147
28/10/2003,0.1959
29/10/2003,0.189
30/10/2003,0.1907
31/10/2003,0.2565
01/11/2003,0.2663
02/11/2003,0.2302
03/11/2003,0.204
04/11/2003,0.1984
05/11/2003,0.1904
06/11/2003,0.1813
07/11/2003,0.1777
08/11/2003,0.19
09/11/2003,0.27
10/11/2003,0.2273
11/11/2003,0.2375
12/11/2003,0.2948
13/11/2003,0.2301
14/11/2003,0.3582
15/11/2003,0.2768
16/11/2003,0.2246
17/11/2003,0.2109
18/11/2003,0.2038
19/11/2003,0.2207
20/11/2003,0.2272
21/11/2003,0.2126
22/11/2003,0.2055
23/11/2003,0.1942
24/11/2003,0.2072
25/11/2003,0.2416
26/11/2003,0.3035
27/11/2003,0.2428
28/11/2003,0.226
29/11/2003,0.5167
30/11/2003,0.3791
01/12/2003,0.2751
02/12/2003,0.2622
03/12/2003,0.2384
04/12/2003,0.2264
05/12/2003,0.2133
06/12/2003,0.2068
07/12/2003,0.2038
08/12/2003,0.2038
09/12/2003,0.2012
10/12/2003,0.2122
11/12/2003,0.2159
12/12/2003,0.2179
13/12/2003,0.2118
14/12/2003,0.2207
15/12/2003,0.2182
16/12/2003,0.2392
17/12/2003,0.2235
18/12/2003,0.212
19/12/2003,0.2083
20/12/2003,0.7467
21/12/2003,0.8092
22/12/2003,0.4746
23/12/2003,0.7805
24/12/2003,0.7906
25/12/2003,0.5429
26/12/2003,0.4878
27/12/2003,0.7594
28/12/2003,0.9665
29/12/2003,0.6039
30/12/2003,0.4741
31/12/2003,0.4574
01/01/2004,0.5074
02/01/2004,0.4469
03/01/2004,0.5948
04/01/2004,0.5885
05/01/2004,0.7501
06/01/2004,0.7239
07/01/2004,0.6567
08/01/2004,1.6137
09/01/2004,1.1491
10/01/2004,0.8381
11/01/2004,0.7908
12/01/2004,0.6885
13/01/2004,0.6183
14/01/2004,0.5503
15/01/2004,0.5177
16/01/2004,0.6133
17/01/2004,0.615
18/01/2004,0.617
19/01/2004,0.8792
20/01/2004,0.8172
22/01/2004,0.8657
23/01/2004,0.7959
24/01/2004,0.7407
25/01/2004,0.682
26/01/2004,0.6737
27/01/2004,0.6594
28/01/2004,0.6414
29/01/2004,0.6627
30/01/2004,0.6342
31/01/2004,0.6143
01/02/2004,0.6295
02/02/2004,1.3535
03/02/2004,1.4565
04/02/2004,1.0063
05/02/2004,0.9035
06/02/2004,0.8829
07/02/2004,0.8215
08/02/2004,0.8419
09/02/2004,0.8017
10/02/2004,1.21
11/02/2004,0.9312
12/02/2004,0.8158
13/02/2004,0.7686
14/02/2004,0.7353
15/02/2004,0.7165
16/02/2004,0.6904
17/02/2004,0.6661
18/02/2004,0.6386
19/02/2004,0.6172
20/02/2004,0.6055
21/02/2004,0.5973
26/02/2004,0.6083
27/02/2004,0.893
28/02/2004,0.7525
29/02/2004,0.7395
01/03/2004,0.7319
02/03/2004,0.6265
03/03/2004,0.7451
04/03/2004,0.9093
05/03/2004,0.9469
06/03/2004,1.3191
07/03/2004,2.4875
08/03/2004,1.5098
09/03/2004,1.2252
10/03/2004,1.1044
11/03/2004,1.1211
12/03/2004,1.1383
13/03/2004,1.1263
14/03/2004,1.1926
15/03/2004,1.1208
16/03/2004,0.9832
17/03/2004,0.8868
18/03/2004,0.8656
19/03/2004,0.9321
20/03/2004,1.0357
21/03/2004,0.9267
22/03/2004,0.8493
23/03/2004,0.9298
24/03/2004,1.0589
25/03/2004,1.009
26/03/2004,1.0012
27/03/2004,0.9036
28/03/2004,0.8383
29/03/2004,0.7853
30/03/2004,0.7581
31/03/2004,0.7278
01/04/2004,0.795
02/04/2004,1.7615
03/04/2004,1.3619
04/04/2004,1.0949
05/04/2004,1.0047
06/04/2004,1.0544
07/04/2004,1.1165
08/04/2004,0.9942
09/04/2004,0.931
10/04/2004,0.8634
11/04/2004,0.8225
12/04/2004,0.8478
13/04/2004,0.8281
14/04/2004,0.7757
15/04/2004,0.7432
16/04/2004,0.7086
17/04/2004,0.7055
18/04/2004,1.0794
19/04/2004,1.3948
20/04/2004,0.9371
21/04/2004,0.9037
22/04/2004,0.7942
23/04/2004,0.754
24/04/2004,0.7163
25/04/2004,0.6856
26/04/2004,0.6786
27/04/2004,0.7557
28/04/2004,0.7165
29/04/2004,1.137
30/04/2004,1.4359
01/05/2004,0.9914
02/05/2004,0.863
03/05/2004,0.8026
04/05/2004,0.8751
05/05/2004,0.9558
06/05/2004,0.9173
07/05/2004,0.8118
08/05/2004,0.8011
09/05/2004,0.7497
10/05/2004,0.6921
11/05/2004,0.6523
12/05/2004,0.6321
13/05/2004,0.6193
14/05/2004,0.5852
15/05/2004,0.5538
16/05/2004,0.5332
17/05/2004,0.5255
18/05/2004,0.5197
19/05/2004,0.4939
20/05/2004,0.5882
21/05/2004,0.5397
22/05/2004,0.4916
23/05/2004,0.4664
24/05/2004,0.4762
25/05/2004,0.47
26/05/2004,0.4482
27/05/2004,0.4325
28/05/2004,0.423
29/05/2004,0.4277
30/05/2004,0.4128
31/05/2004,0.4017
01/06/2004,0.3994
02/06/2004,0.3813
03/06/2004,0.3882
04/06/2004,0.3699
05/06/2004,0.3562
06/06/2004,0.3447
07/06/2004,0.3482
08/06/2004,0.368
09/06/2004,0.3515
10/06/2004,0.3473
11/06/2004,0.3506
12/06/2004,0.3447
14/06/2004,0.3013
15/06/2004,0.3146
16/06/2004,0.3868
17/06/2004,0.3619
18/06/2004,0.3616
19/06/2004,0.3711
20/06/2004,0.3625
21/06/2004,0.3647
22/06/2004,0.404
23/06/2004,0.6072
24/06/2004,0.8127
25/06/2004,0.42
26/06/2004,0.3654
27/06/2004,0.3342
28/06/2004,0.3155
29/06/2004,0.2964
30/06/2004,0.2992
01/07/2004,0.282
02/07/2004,0.2775
03/07/2004,0.3156
04/07/2004,0.292
05/07/2004,0.361
06/07/2004,0.3951
07/07/2004,0.4759
08/07/2004,0.3649
09/07/2004,0.3417
10/07/2004,0.3893
11/07/2004,0.3493
12/07/2004,0.316
13/07/2004,0.2961
14/07/2004,0.2821
15/07/2004,0.2763
16/07/2004,0.2796
17/07/2004,0.2735
18/07/2004,0.2642
19/07/2004,0.2814
20/07/2004,0.2736
21/07/2004,0.265
22/07/2004,0.2636
23/07/2004,0.255
24/07/2004,0.2567
25/07/2004,0.247
26/07/2004,0.2437
27/07/2004,0.2478
28/07/2004,0.2452
29/07/2004,0.2436
30/07/2004,0.2458
31/07/2004,0.2554
01/08/2004,0.2435
02/08/2004,0.2383
03/08/2004,0.2661
04/08/2004,0.3481
05/08/2004,0.2786
06/08/2004,0.3226
07/08/2004,0.2571
08/08/2004,0.2555
09/08/2004,0.2627
10/08/2004,0.2605
11/08/2004,0.4327
12/08/2004,0.5009
13/08/2004,0.3324
14/08/2004,0.2848
15/08/2004,0.2738
16/08/2004,0.3341
17/08/2004,0.306
18/08/2004,3.7594
19/08/2004,2.122
20/08/2004,0.925
21/08/2004,0.7133
22/08/2004,0.6149
23/08/2004,0.6928
24/08/2004,0.9101
25/08/2004,0.8456
26/08/2004,0.6973
27/08/2004,0.6333
28/08/2004,0.5849
29/08/2004,0.554
30/08/2004,0.5861
31/08/2004,0.5264
01/09/2004,0.5011
02/09/2004,0.4769
03/09/2004,0.4628
04/09/2004,0.4378
05/09/2004,0.4332
06/09/2004,0.4219
07/09/2004,0.4073
08/09/2004,0.3984
09/09/2004,0.3935
10/09/2004,0.3975
11/09/2004,0.3942
12/09/2004,0.3849
13/09/2004,0.387
14/09/2004,0.379
15/09/2004,0.3703
16/09/2004,0.3786
17/09/2004,0.3669
18/09/2004,0.3577
19/09/2004,0.3556
20/09/2004,0.3538
21/09/2004,0.3406
22/09/2004,0.3368
23/09/2004,0.3475
24/09/2004,0.3354
25/09/2004,0.3371
26/09/2004,0.3275
27/09/2004,0.346
28/09/2004,0.3485
29/09/2004,0.3376
30/09/2004,0.3555
01/10/2004,0.3496
02/10/2004,0.3369
03/10/2004,0.3436
04/10/2004,0.4851
05/10/2004,0.373
06/10/2004,0.3486
07/10/2004,0.3572
08/10/2004,0.3379
09/10/2004,0.3294
10/10/2004,0.3256
11/10/2004,0.3241
12/10/2004,0.3371
13/10/2004,0.5642
14/10/2004,0.9253
15/10/2004,1.788
16/10/2004,2.539
17/10/2004,1.8499
18/10/2004,0.993
19/10/2004,0.9552
20/10/2004,0.9146
21/10/2004,1.7516
22/10/2004,0.9868
23/10/2004,0.8472
24/10/2004,1.5594
25/10/2004,1.5825
26/10/2004,1.0493
27/10/2004,0.9692
28/10/2004,2.0379
29/10/2004,2.5468
30/10/2004,1.8204
31/10/2004,1.3572
01/11/2004,1.1702
02/11/2004,1.0811
03/11/2004,1.0497
04/11/2004,0.9345
05/11/2004,0.8609
06/11/2004,0.8743
07/11/2004,0.8719
08/11/2004,0.8069
09/11/2004,0.7716
10/11/2004,0.7491
11/11/2004,0.7353
12/11/2004,0.7767
13/11/2004,0.7257
14/11/2004,0.6918
15/11/2004,0.6667
16/11/2004,0.6652
17/11/2004,0.7006
18/11/2004,0.6691
19/11/2004,0.6073
20/11/2004,0.5829
21/11/2004,0.7471
22/11/2004,0.9083
23/11/2004,0.8465
24/11/2004,0.7576
25/11/2004,0.7048
26/11/2004,0.6555
27/11/2004,0.9011
28/11/2004,1.2077
29/11/2004,0.8918
30/11/2004,0.81
01/12/2004,0.7318
02/12/2004,0.6868
03/12/2004,0.6779
04/12/2004,0.6607
05/12/2004,0.6311
06/12/2004,0.6163
07/12/2004,0.5865
08/12/2004,0.5779
09/12/2004,0.57
10/12/2004,0.5488
11/12/2004,0.5312
12/12/2004,0.5202
13/12/2004,0.519
14/12/2004,0.6482
15/12/2004,0.7397
16/12/2004,0.6713
17/12/2004,0.6162
18/12/2004,0.5581
19/12/2004,0.514
20/12/2004,0.4996
21/12/2004,0.5061
22/12/2004,0.5435
23/12/2004,0.631
24/12/2004,0.6507
25/12/2004,0.575
26/12/2004,0.5385
27/12/2004,0.8574
28/12/2004,0.7022
29/12/2004,0.6377
30/12/2004,0.6204
31/12/2004,0.5849
01/01/2005,0.6189
02/01/2005,0.5774
03/01/2005,0.6143
04/01/2005,0.596
05/01/2005,0.6341
06/01/2005,0.6205
07/01/2005,0.7373
08/01/2005,1.5044
09/01/2005,0.9653
10/01/2005,0.8297
11/01/2005,0.8048
12/01/2005,0.7831
13/01/2005,0.7119
14/01/2005,0.688
15/01/2005,0.6807
16/01/2005,0.6572
17/01/2005,0.6635
18/01/2005,0.6141
19/01/2005,0.6201
20/01/2005,0.6995
21/01/2005,0.7209
22/01/2005,0.6398
23/01/2005,0.6093
24/01/2005,0.6042
25/01/2005,0.7579
26/01/2005,0.7154
27/01/2005,0.6687
28/01/2005,0.6387
29/01/2005,0.6054
30/01/2005,0.5797
31/01/2005,0.5732
01/02/2005,0.5591
02/02/2005,0.5436
03/02/2005,0.5346
04/02/2005,0.5313
05/02/2005,0.524
06/02/2005,0.5101
07/02/2005,0.5065
08/02/2005,0.4937
09/02/2005,0.52
10/02/2005,0.5156
11/02/2005,0.5316
12/02/2005,0.8464
13/02/2005,1.2462
14/02/2005,0.8919
15/02/2005,0.7497
16/02/2005,0.6919
17/02/2005,0.6581
18/02/2005,0.6374
19/02/2005,0.6139
20/02/2005,0.6166
21/02/2005,0.605
22/02/2005,0.6006
23/02/2005,0.5918
24/02/2005,0.5909
25/02/2005,0.6175
26/02/2005,0.9777
27/02/2005,0.9217
28/02/2005,0.9359
01/03/2005,1.0504
02/03/2005,0.9112
03/03/2005,0.8586
04/03/2005,1.0628
05/03/2005,1.3696
06/03/2005,1.0485
07/03/2005,1.3556
08/03/2005,1.2557
09/03/2005,1.1138
10/03/2005,1.0418
11/03/2005,1.0527
12/03/2005,0.9562
13/03/2005,0.8814
14/03/2005,0.8494
15/03/2005,0.9372
16/03/2005,0.8674
17/03/2005,0.7978
18/03/2005,0.7686
19/03/2005,0.7505
20/03/2005,0.7303
21/03/2005,0.7158
22/03/2005,0.7183
23/03/2005,0.6686
24/03/2005,0.6458
25/03/2005,0.6184
26/03/2005,0.6106
27/03/2005,0.648
28/03/2005,0.6471
29/03/2005,0.7037
30/03/2005,0.7093
31/03/2005,0.6502
01/04/2005,0.6155
02/04/2005,0.58
03/04/2005,0.5562
04/04/2005,0.5372
05/04/2005,0.5173
06/04/2005,0.5091
07/04/2005,0.8888
08/04/2005,0.8331
09/04/2005,0.9622
10/04/2005,0.7691
11/04/2005,0.6684
12/04/2005,0.6144
13/04/2005,0.5935
14/04/2005,0.6243
15/04/2005,0.6449
16/04/2005,0.7012
17/04/2005,0.6494
18/04/2005,2.0065
19/04/2005,1.178
20/04/2005,0.908
21/04/2005,0.8143
22/04/2005,0.7573
23/04/2005,0.7166
24/04/2005,0.6781
25/04/2005,0.6681
26/04/2005,0.6425
27/04/2005,0.7608
28/04/2005,0.7617
29/04/2005,0.6669
30/04/2005,0.6236
01/05/2005,0.7007
02/05/2005,0.6399
03/05/2005,0.8174
04/05/2005,0.6889
05/05/2005,0.6464
06/05/2005,0.6169
07/05/2005,0.6035
08/05/2005,0.6046
09/05/2005,0.5967
10/05/2005,0.5627
11/05/2005,0.5353
12/05/2005,0.5106
13/05/2005,0.4906
14/05/2005,0.4747
15/05/2005,0.4639
16/05/2005,0.461
17/05/2005,0.4597
18/05/2005,0.4457
19/05/2005,0.5059
20/05/2005,0.4962
21/05/2005,0.4607
22/05/2005,0.4409
23/05/2005,0.5482
24/05/2005,0.4643
25/05/2005,0.4602
26/05/2005,0.4272
27/05/2005,0.4443
28/05/2005,0.5292
29/05/2005,0.4436
30/05/2005,0.4756
31/05/2005,0.457
01/06/2005,0.6304
02/06/2005,0.5946
03/06/2005,0.6928
04/06/2005,0.672
05/06/2005,0.5717
06/06/2005,0.4992
07/06/2005,0.4561
08/06/2005,0.4354
09/06/2005,0.4145
10/06/2005,0.3983
11/06/2005,0.3976
12/06/2005,0.4163
13/06/2005,0.4642
14/06/2005,0.5843
15/06/2005,0.5035
16/06/2005,0.45
17/06/2005,0.4162
18/06/2005,0.4059
19/06/2005,0.4219
20/06/2005,0.3876
21/06/2005,0.3727
22/06/2005,0.375
23/06/2005,0.354
24/06/2005,0.3498
25/06/2005,0.3441
26/06/2005,0.33
27/06/2005,0.3204
28/06/2005,0.319
29/06/2005,0.3187
30/06/2005,0.3239
01/07/2005,0.3046
02/07/2005,0.303
03/07/2005,0.2914
04/07/2005,0.2966
05/07/2005,0.3193
06/07/2005,0.3947
07/07/2005,0.3188
08/07/2005,0.2944
09/07/2005,0.2845
10/07/2005,0.278
11/07/2005,0.2728
12/07/2005,0.2712
13/07/2005,0.2693
14/07/2005,0.2696
15/07/2005,0.2661
16/07/2005,0.2688
17/07/2005,0.2714
18/07/2005,0.2745
19/07/2005,0.2754
20/07/2005,0.2683
21/07/2005,0.2583
22/07/2005,0.2557
23/07/2005,0.2565
24/07/2005,0.2546
25/07/2005,0.2548
26/07/2005,0.2485
27/07/2005,0.2494
28/07/2005,0.2521
29/07/2005,0.2708
30/07/2005,0.2671
31/07/2005,0.2574
01/08/2005,0.246
02/08/2005,0.2435
03/08/2005,0.2366
04/08/2005,0.2347
05/08/2005,0.2609
06/08/2005,0.2619
07/08/2005,0.2432
08/08/2005,0.2335
09/08/2005,0.3317
10/08/2005,0.2764
11/08/2005,0.2538
12/08/2005,0.2524
13/08/2005,0.4957
14/08/2005,0.3572
15/08/2005,0.3136
25/08/2005,0.2562
26/08/2005,0.2504
27/08/2005,0.2577
28/08/2005,0.3561
29/08/2005,0.2713
30/08/2005,0.2642
31/08/2005,0.2755
01/09/2005,0.2675
02/09/2005,0.2612
03/09/2005,0.2637
04/09/2005,0.2578
05/09/2005,0.263
06/09/2005,0.2535
07/09/2005,0.2564
08/09/2005,0.2558
09/09/2005,0.2488
10/09/2005,0.2612
11/09/2005,0.2462
12/09/2005,0.2465
13/09/2005,0.271
14/09/2005,0.242
15/09/2005,0.2476
16/09/2005,0.2437
17/09/2005,0.2458
18/09/2005,0.2394
19/09/2005,0.239
20/09/2005,0.2337
21/09/2005,0.2405
22/09/2005,0.238
23/09/2005,0.2313
24/09/2005,0.2294
25/09/2005,0.2288
26/09/2005,0.2409
27/09/2005,0.226
28/09/2005,0.2296
29/09/2005,0.2325
30/09/2005,0.2372
01/10/2005,0.2466
02/10/2005,0.2275
03/10/2005,0.2284
04/10/2005,0.2309
05/10/2005,0.2262
06/10/2005,0.2276
07/10/2005,0.2322
08/10/2005,0.2409
09/10/2005,0.2326
10/10/2005,0.2618
11/10/2005,1.1775
12/10/2005,1.1086
13/10/2005,0.4865
14/10/2005,0.3663
15/10/2005,0.326
16/10/2005,0.3033
17/10/2005,0.2903
18/10/2005,0.2803
19/10/2005,0.2883
20/10/2005,0.2947
21/10/2005,0.2789
22/10/2005,0.2774
23/10/2005,0.2716
24/10/2005,0.9197
25/10/2005,0.761
26/10/2005,0.5827
27/10/2005,0.5222
28/10/2005,0.4799
29/10/2005,0.5635
30/10/2005,0.7257
31/10/2005,0.5651
01/11/2005,0.4639
02/11/2005,0.5096
03/11/2005,0.597
04/11/2005,0.5196
05/11/2005,0.4617
06/11/2005,0.4319
07/11/2005,0.4517
08/11/2005,0.4789
09/11/2005,0.4306
10/11/2005,0.415
11/11/2005,0.5754
12/11/2005,0.6196
13/11/2005,0.5839
14/11/2005,0.5091
15/11/2005,0.47
16/11/2005,0.5972
17/11/2005,0.5754
18/11/2005,0.486
19/11/2005,0.4472
20/11/2005,0.4624
21/11/2005,0.4361
22/11/2005,0.4071
23/11/2005,0.4051
24/11/2005,0.5102
25/11/2005,2.7753
26/11/2005,7.2957
27/11/2005,3.5606
28/11/2005,2.3036
29/11/2005,1.7655
30/11/2005,1.4873
01/12/2005,2.8313
02/12/2005,4.2463
03/12/2005,4.6876
04/12/2005,3.537
05/12/2005,2.914
06/12/2005,2.5281
07/12/2005,1.9647
08/12/2005,1.582
09/12/2005,1.4945
10/12/2005,1.334
11/12/2005,1.1911
12/12/2005,1.0846
13/12/2005,1.0224
14/12/2005,0.9621
15/12/2005,1.0031
16/12/2005,1.038
17/12/2005,0.9257
18/12/2005,0.9308
19/12/2005,0.9413
20/12/2005,0.8964
21/12/2005,0.9253
22/12/2005,0.9762
23/12/2005,0.8909
24/12/2005,0.8261
25/12/2005,0.8089
26/12/2005,0.7926
27/12/2005,0.7514
28/12/2005,0.7222
29/12/2005,0.7013
30/12/2005,0.7152
31/12/2005,0.6872
01/01/2006,0.7452
02/01/2006,0.7388
03/01/2006,0.7734
04/01/2006,0.683
05/01/2006,0.7199
06/01/2006,0.7484
07/01/2006,0.7562
08/01/2006,0.7062
09/01/2006,0.6795
10/01/2006,0.6932
11/01/2006,0.6569
12/01/2006,0.6409
13/01/2006,0.639
14/01/2006,0.6263
15/01/2006,0.6139
16/01/2006,0.6049
17/01/2006,0.5779
18/01/2006,0.5744
19/01/2006,0.5767
20/01/2006,0.5805
21/01/2006,0.5632
22/01/2006,0.5499
23/01/2006,0.5376
24/01/2006,0.5175
25/01/2006,0.505
26/01/2006,0.4981
27/01/2006,0.4927
28/01/2006,0.4917
29/01/2006,0.4798
30/01/2006,0.4547
31/01/2006,0.4482
01/02/2006,0.4384
02/02/2006,0.4317
03/02/2006,0.4313
04/02/2006,0.4237
05/02/2006,0.4281
06/02/2006,0.4415
07/02/2006,0.4508
08/02/2006,0.4376
09/02/2006,0.4242
10/02/2006,0.4175
11/02/2006,0.4271
12/02/2006,0.4261
13/02/2006,0.427
14/02/2006,0.5049
15/02/2006,0.4949
16/02/2006,0.4809
17/02/2006,0.4814
18/02/2006,0.53
19/02/2006,0.7676
20/02/2006,0.6449
21/02/2006,0.6366
22/02/2006,0.5798
23/02/2006,0.5967
24/02/2006,0.6774
25/02/2006,0.6052
26/02/2006,0.5662
27/02/2006,0.5889
28/02/2006,0.5672
01/03/2006,0.5692
02/03/2006,0.546
03/03/2006,0.5316
04/03/2006,0.5158
05/03/2006,0.5059
06/03/2006,0.487
07/03/2006,0.6022
08/03/2006,1.1163
09/03/2006,1.5815
10/03/2006,1.5423
11/03/2006,1.1733
12/03/2006,0.9793
13/03/2006,1.0182
14/03/2006,1.0397
15/03/2006,0.9745
16/03/2006,0.865
17/03/2006,0.8421
18/03/2006,0.8193
19/03/2006,0.8202
20/03/2006,0.782
21/03/2006,0.7323
22/03/2006,0.7123
23/03/2006,0.7853
24/03/2006,0.8918
25/03/2006,1.2703
26/03/2006,1.3863
27/03/2006,1.2991
28/03/2006,1.195
29/03/2006,1.0066
30/03/2006,1.0926
31/03/2006,1.3987
01/04/2006,1.2588
02/04/2006,1.0326
03/04/2006,0.9762
04/04/2006,0.954
05/04/2006,0.8946
06/04/2006,0.8337
07/04/2006,0.805
08/04/2006,0.8096
09/04/2006,0.9475
10/04/2006,0.8266
11/04/2006,0.7662
12/04/2006,0.7209
13/04/2006,0.6743
14/04/2006,0.6447
15/04/2006,0.6391
16/04/2006,0.6102
17/04/2006,0.5951
18/04/2006,0.5714
19/04/2006,0.5606
20/04/2006,0.5544
21/04/2006,0.5349
22/04/2006,0.531
23/04/2006,0.5027
24/04/2006,0.5012
25/04/2006,0.4815
26/04/2006,0.4636
27/04/2006,0.4551
28/04/2006,0.4508
29/04/2006,0.4382
30/04/2006,0.4426
01/05/2006,0.4654
02/05/2006,0.4531
03/05/2006,0.4224
04/05/2006,0.413
05/05/2006,0.3963
06/05/2006,0.398
07/05/2006,0.3908
08/05/2006,0.3854
09/05/2006,0.3596
10/05/2006,0.3494
11/05/2006,0.3463
12/05/2006,0.3504
13/05/2006,0.3365
14/05/2006,0.3436
15/05/2006,0.3784
16/05/2006,0.3674
17/05/2006,0.3912
18/05/2006,0.3716
19/05/2006,0.3618
20/05/2006,0.4134
21/05/2006,0.4485
22/05/2006,0.3713
23/05/2006,0.3431
24/05/2006,0.3394
25/05/2006,0.3228
26/05/2006,0.4065
27/05/2006,0.3762
28/05/2006,0.3302
29/05/2006,0.3307
30/05/2006,0.3252
31/05/2006,0.3149
01/06/2006,0.3034
02/06/2006,0.2866
03/06/2006,0.2917
04/06/2006,0.2921
05/06/2006,0.291
06/06/2006,0.2766
07/06/2006,0.2767
08/06/2006,0.2674
09/06/2006,0.2645
10/06/2006,0.2537
11/06/2006,0.2497
12/06/2006,0.2584
13/06/2006,0.2386
14/06/2006,0.2403
15/06/2006,0.2363
16/06/2006,0.2483
17/06/2006,0.2673
18/06/2006,0.2826
19/06/2006,0.296
20/06/2006,0.2649
21/06/2006,0.2549
22/06/2006,0.2602
23/06/2006,0.2562
24/06/2006,0.2607
25/06/2006,0.2422
26/06/2006,0.2307
27/06/2006,0.225
28/06/2006,0.2217
29/06/2006,0.2232
30/06/2006,0.2474
01/07/2006,0.2276
02/07/2006,0.3086
03/07/2006,0.2577
04/07/2006,0.2356
05/07/2006,0.2247
06/07/2006,0.2156
07/07/2006,0.207
08/07/2006,0.2098
09/07/2006,0.2391
10/07/2006,0.2251
11/07/2006,0.2079
12/07/2006,0.2042
13/07/2006,0.1974
14/07/2006,0.1938
15/07/2006,0.186
16/07/2006,0.1816
17/07/2006,0.1849
18/07/2006,0.187
19/07/2006,0.1808
20/07/2006,0.1867
21/07/2006,0.1967
22/07/2006,0.1928
23/07/2006,0.183
24/07/2006,0.1785
25/07/2006,0.1735
26/07/2006,0.2235
27/07/2006,0.2675
28/07/2006,0.2171
29/07/2006,0.2074
30/07/2006,0.1904
31/07/2006,0.2237
01/08/2006,0.2234
02/08/2006,0.227
03/08/2006,0.2068
04/08/2006,0.2007
05/08/2006,0.1926
06/08/2006,0.1886
07/08/2006,0.1833
08/08/2006,0.1858
09/08/2006,0.1887
10/08/2006,0.2056
11/08/2006,0.2058
12/08/2006,0.2014
13/08/2006,0.2028
14/08/2006,0.2011
15/08/2006,0.2015
16/08/2006,0.2171
17/08/2006,0.221
18/08/2006,0.3048
19/08/2006,0.4266
20/08/2006,0.2704
21/08/2006,0.2387
22/08/2006,0.2282
23/08/2006,0.2412
24/08/2006,0.22
25/08/2006,0.2196
26/08/2006,0.217
27/08/2006,0.2148
28/08/2006,0.2132
29/08/2006,0.21
30/08/2006,0.201
31/08/2006,0.2152
01/09/2006,0.2793
02/09/2006,0.2305
03/09/2006,0.2139
04/09/2006,0.2002
05/09/2006,0.2829
06/09/2006,0.2566
07/09/2006,0.2217
08/09/2006,0.2115
09/09/2006,0.2107
10/09/2006,0.2109
11/09/2006,0.2095
12/09/2006,0.2095
13/09/2006,0.2076
14/09/2006,0.305
15/09/2006,0.2623
16/09/2006,0.2415
17/09/2006,0.2308
18/09/2006,0.2284
19/09/2006,0.2174
20/09/2006,0.2232
21/09/2006,0.2177
22/09/2006,0.2204
23/09/2006,0.2258
24/09/2006,0.3038
25/09/2006,0.2698
26/09/2006,0.2472
27/09/2006,0.2445
28/09/2006,0.2332
29/09/2006,0.2309
30/09/2006,0.2235
01/10/2006,0.592
02/10/2006,0.5181
03/10/2006,0.4208
04/10/2006,0.3327
05/10/2006,0.3126
06/10/2006,0.2923
07/10/2006,0.2649
08/10/2006,0.26
09/10/2006,0.2474
10/10/2006,0.2503
11/10/2006,0.5158
12/10/2006,0.4884
13/10/2006,0.3431
14/10/2006,0.307
15/10/2006,0.2881
16/10/2006,0.2792
17/10/2006,0.2926
18/10/2006,0.4021
19/10/2006,0.9829
20/10/2006,1.0695
21/10/2006,0.9037
22/10/2006,0.6343
23/10/2006,0.5156
24/10/2006,0.5183
25/10/2006,1.3749
26/10/2006,2.0747
27/10/2006,1.1096
28/10/2006,0.8947
29/10/2006,0.7681
30/10/2006,0.8002
31/10/2006,1.0217
01/11/2006,0.937
02/11/2006,0.7615
03/11/2006,0.6749
04/11/2006,0.6175
05/11/2006,0.5707
06/11/2006,0.5338
07/11/2006,0.5058
08/11/2006,0.5017
09/11/2006,0.4639
10/11/2006,0.4686
11/11/2006,0.4718
12/11/2006,0.4679
13/11/2006,0.4723
14/11/2006,0.4236
15/11/2006,0.5874
16/11/2006,0.7439
17/11/2006,0.6803
18/11/2006,0.6183
19/11/2006,0.5864
20/11/2006,0.584
21/11/2006,0.5353
22/11/2006,0.5063
23/11/2006,0.7122
24/11/2006,0.6872
25/11/2006,0.73
26/11/2006,0.6167
27/11/2006,0.7009
28/11/2006,0.6213
29/11/2006,0.585
30/11/2006,0.5805
01/12/2006,0.6176
02/12/2006,0.6504
03/12/2006,1.0521
04/12/2006,0.8342
05/12/2006,0.7122
06/12/2006,0.6593
07/12/2006,0.674
08/12/2006,0.6085
09/12/2006,0.5575
10/12/2006,0.5603
11/12/2006,0.5257
12/12/2006,0.6841
13/12/2006,0.923
14/12/2006,0.8178
15/12/2006,0.689
16/12/2006,0.6186
17/12/2006,0.571
18/12/2006,0.5459
19/12/2006,0.5008
20/12/2006,0.4725
21/12/2006,0.4728
22/12/2006,0.4813
23/12/2006,0.4697
24/12/2006,0.4469
25/12/2006,0.4231
26/12/2006,0.4167
27/12/2006,0.4159
28/12/2006,0.4141
29/12/2006,0.5739
30/12/2006,0.6247
31/12/2006,0.8344
01/01/2007,0.8266
02/01/2007,0.6553
03/01/2007,0.7412
04/01/2007,0.6739
05/01/2007,0.628
06/01/2007,0.5936
07/01/2007,0.657
08/01/2007,0.7238
09/01/2007,0.8337
10/01/2007,0.7403
11/01/2007,1.2702
12/01/2007,0.9458
13/01/2007,0.7932
14/01/2007,0.7285
15/01/2007,0.6806
16/01/2007,0.6359
17/01/2007,0.649
18/01/2007,0.6637
19/01/2007,0.7493
20/01/2007,0.9242
21/01/2007,0.8094
22/01/2007,0.7781
23/01/2007,0.7275
24/01/2007,0.8026
25/01/2007,0.7792
26/01/2007,1.0342
27/01/2007,0.9117
28/01/2007,0.789
29/01/2007,0.7247
30/01/2007,0.6999
31/01/2007,0.6624
01/02/2007,0.6314
02/02/2007,0.6024
03/02/2007,0.5811
04/02/2007,0.5839
05/02/2007,0.578
06/02/2007,0.5735
07/02/2007,0.5588
08/02/2007,0.5604
09/02/2007,0.5448
10/02/2007,0.66
11/02/2007,3.7109
12/02/2007,3.1312
13/02/2007,1.8834
14/02/2007,1.5191
15/02/2007,1.4623
16/02/2007,1.2553
17/02/2007,1.0911
18/02/2007,1.0007
19/02/2007,0.9913
20/02/2007,0.9368
21/02/2007,1.0369
22/02/2007,1.0731
23/02/2007,0.999
24/02/2007,0.9692
25/02/2007,0.9396
26/02/2007,0.8742
27/02/2007,1.0511
28/02/2007,0.9788
01/03/2007,1.1097
02/03/2007,0.9747
03/03/2007,0.9277
04/03/2007,1.1163
05/03/2007,1.3113
06/03/2007,1.3277
07/03/2007,1.027
08/03/2007,0.9323
09/03/2007,0.8637
10/03/2007,0.8268
11/03/2007,0.8308
12/03/2007,0.8157
13/03/2007,0.7518
14/03/2007,0.7257
15/03/2007,0.7031
16/03/2007,0.6952
17/03/2007,0.6937
18/03/2007,0.6909
19/03/2007,0.8054
20/03/2007,0.8096
21/03/2007,0.8576
22/03/2007,0.9094
23/03/2007,0.7697
24/03/2007,0.7113
25/03/2007,0.6755
26/03/2007,0.6535
27/03/2007,0.6337
28/03/2007,0.9236
29/03/2007,1.1242
30/03/2007,0.8105
31/03/2007,0.7216
01/04/2007,0.6746
02/04/2007,0.6516
03/04/2007,0.6295
04/04/2007,0.6087
05/04/2007,0.5887
06/04/2007,0.5846
07/04/2007,0.5581
08/04/2007,0.55
09/04/2007,0.5382
10/04/2007,0.532
11/04/2007,0.5187
12/04/2007,0.4962
13/04/2007,0.4865
14/04/2007,0.4702
15/04/2007,0.4608
16/04/2007,0.4441
17/04/2007,0.4464
18/04/2007,0.4401
19/04/2007,0.4477
20/04/2007,0.444
21/04/2007,0.4669
22/04/2007,0.4967
23/04/2007,0.4536
24/04/2007,0.4459
25/04/2007,0.4756
26/04/2007,0.4207
27/04/2007,0.4028
28/04/2007,0.3924
29/04/2007,0.3875
30/04/2007,0.3764
01/05/2007,0.3674
02/05/2007,0.3629
03/05/2007,0.358
04/05/2007,0.3616
05/05/2007,0.3525
06/05/2007,0.3377
07/05/2007,0.3379
08/05/2007,0.3451
09/05/2007,0.447
10/05/2007,0.6258
11/05/2007,0.4475
12/05/2007,0.5339
13/05/2007,0.463
14/05/2007,0.4597
15/05/2007,0.428
16/05/2007,0.4037
17/05/2007,0.3899
18/05/2007,0.3801
19/05/2007,0.3565
20/05/2007,0.3449
21/05/2007,0.3379
22/05/2007,0.3283
23/05/2007,0.3216
24/05/2007,0.3228
25/05/2007,0.3188
26/05/2007,0.3134
27/05/2007,0.3105
28/05/2007,0.3193
29/05/2007,0.4785
30/05/2007,1.2114
31/05/2007,0.6894
01/06/2007,0.5375
02/06/2007,0.4872
03/06/2007,0.4731
04/06/2007,0.4494
05/06/2007,0.4355
06/06/2007,0.4237
07/06/2007,0.44
08/06/2007,0.4391
09/06/2007,0.4218
10/06/2007,0.418
11/06/2007,0.4032
12/06/2007,0.4353
13/06/2007,0.4599
14/06/2007,0.4072
15/06/2007,0.4074
16/06/2007,0.4634
17/06/2007,0.4478
18/06/2007,0.4266
19/06/2007,0.4111
20/06/2007,0.502
21/06/2007,0.4986
22/06/2007,1.1471
23/06/2007,1.8782
24/06/2007,3.5014
25/06/2007,1.712
26/06/2007,1.1701
27/06/2007,1.045
28/06/2007,1.0104
29/06/2007,2.2113
30/06/2007,1.2937
01/07/2007,1.5051
02/07/2007,1.3022
03/07/2007,1.1894
04/07/2007,1.2057
05/07/2007,1.1195
06/07/2007,1.3164
07/07/2007,1.0708
08/07/2007,0.9253
09/07/2007,0.841
10/07/2007,0.8016
11/07/2007,0.7605
12/07/2007,0.7376
13/07/2007,0.8644
14/07/2007,1.1761
15/07/2007,0.8276
16/07/2007,1.0294
17/07/2007,0.9898
18/07/2007,0.8978
19/07/2007,0.7931
20/07/2007,0.7241
21/07/2007,0.774
22/07/2007,1.0259
23/07/2007,1.037
24/07/2007,0.8996
25/07/2007,0.818
26/07/2007,0.9112
27/07/2007,0.8288
28/07/2007,0.7537
29/07/2007,0.7596
30/07/2007,0.7141
31/07/2007,0.6899
01/08/2007,0.6794
02/08/2007,0.6527
03/08/2007,0.6596
04/08/2007,0.6305
05/08/2007,1.4967
06/08/2007,3.0605
07/08/2007,1.3967
08/08/2007,1.0392
09/08/2007,0.9298
10/08/2007,0.8717
11/08/2007,0.9318
12/08/2007,1.5225
13/08/2007,1.1451
14/08/2007,0.9796
15/08/2007,0.9095
16/08/2007,0.8303
17/08/2007,0.788
18/08/2007,1.3955
19/08/2007,1.7401
20/08/2007,1.1119
21/08/2007,0.9765
22/08/2007,0.9066
23/08/2007,0.8634
24/08/2007,0.8238
25/08/2007,0.7986
26/08/2007,0.7671
27/08/2007,0.768
28/08/2007,0.7605
29/08/2007,0.7593
30/08/2007,0.7341
31/08/2007,0.7131
01/09/2007,0.6979
02/09/2007,0.6797
03/09/2007,0.6614
04/09/2007,0.6559
05/09/2007,0.6472
06/09/2007,0.6348
07/09/2007,0.6286
08/09/2007,0.624
09/09/2007,0.6288
10/09/2007,0.6107
11/09/2007,0.608
12/09/2007,0.6076
13/09/2007,0.6099
14/09/2007,0.5996
15/09/2007,0.6308
16/09/2007,0.8145
17/09/2007,0.8205
18/09/2007,0.7541
19/09/2007,0.6896
20/09/2007,0.654
21/09/2007,0.6299
22/09/2007,0.6181
23/09/2007,0.6116
24/09/2007,0.7356
25/09/2007,0.724
26/09/2007,0.7727
27/09/2007,0.7132
28/09/2007,0.6778
29/09/2007,0.6584
30/09/2007,0.6358
01/10/2007,0.6197
02/10/2007,0.6119
03/10/2007,0.6165
04/10/2007,0.6113
05/10/2007,0.5955
06/10/2007,0.615
07/10/2007,0.5869
08/10/2007,0.5819
09/10/2007,0.6015
10/10/2007,0.5743
11/10/2007,0.558
12/10/2007,0.5513
13/10/2007,0.5537
14/10/2007,0.5511
15/10/2007,0.5512
16/10/2007,0.5427
17/10/2007,0.5279
18/10/2007,0.5285
19/10/2007,0.5276
20/10/2007,0.5262
21/10/2007,0.5298
22/10/2007,0.5234
23/10/2007,0.5149
24/10/2007,0.5114
25/10/2007,0.5126
26/10/2007,0.5118
27/10/2007,0.5755
28/10/2007,0.665
29/10/2007,0.5584
30/10/2007,0.5416
31/10/2007,0.5329
01/11/2007,0.5277
02/11/2007,0.5225
03/11/2007,0.5147
04/11/2007,0.5163
05/11/2007,0.545
06/11/2007,0.524
07/11/2007,0.5132
08/11/2007,0.5186
09/11/2007,0.5237
10/11/2007,0.7168
11/11/2007,0.7158
12/11/2007,0.6765
13/11/2007,0.7079
14/11/2007,0.6418
15/11/2007,0.6036
16/11/2007,0.583
17/11/2007,0.585
18/11/2007,0.8815
19/11/2007,1.5989
20/11/2007,1.4281
21/11/2007,4.0891
22/11/2007,3.0095
23/11/2007,1.7572
24/11/2007,1.4156
25/11/2007,1.2362
26/11/2007,1.1077
27/11/2007,1.2004
28/11/2007,2.7516
29/11/2007,1.7636
30/11/2007,2.5832
01/12/2007,2.2567
02/12/2007,1.6503
03/12/2007,1.6205
04/12/2007,1.4922
05/12/2007,1.4324
06/12/2007,1.3136
07/12/2007,1.2857
08/12/2007,1.6755
09/12/2007,2.9696
10/12/2007,1.9606
11/12/2007,1.5306
12/12/2007,1.4318
13/12/2007,1.3343
14/12/2007,1.2475
15/12/2007,1.1707
16/12/2007,1.0929
17/12/2007,1.0131
18/12/2007,0.9629
19/12/2007,0.9095
20/12/2007,0.8827
21/12/2007,0.849
22/12/2007,0.8366
23/12/2007,0.8449
24/12/2007,0.8296
25/12/2007,0.8064
26/12/2007,0.8121
27/12/2007,0.8408
28/12/2007,1.2544
29/12/2007,0.9563
30/12/2007,0.8632
31/12/2007,1.0237
01/01/2008,1.1674
02/01/2008,1.4918
03/01/2008,1.2029
04/01/2008,2.547
05/01/2008,2.9896
06/01/2008,1.9508
07/01/2008,1.5474
08/01/2008,2.1602
09/01/2008,2.7795
10/01/2008,1.9119
11/01/2008,1.5888
12/01/2008,1.4031
13/01/2008,2.0859
14/01/2008,2.1284
15/01/2008,1.7238
16/01/2008,1.6589
17/01/2008,1.5824
18/01/2008,1.5966
19/01/2008,1.4288
20/01/2008,1.318
21/01/2008,1.2388
22/01/2008,1.1859
23/01/2008,1.2297
24/01/2008,1.2613
25/01/2008,1.5077
26/01/2008,1.5948
27/01/2008,1.3073
28/01/2008,1.1948
29/01/2008,1.3468
30/01/2008,1.279
31/01/2008,1.3906
01/02/2008,2.3493
02/02/2008,1.6284
03/02/2008,2.1304
04/02/2008,1.6338
05/02/2008,1.4648
06/02/2008,1.3103
07/02/2008,1.2728
08/02/2008,1.2054
09/02/2008,1.1392
10/02/2008,1.0958
11/02/2008,1.0647
12/02/2008,1.0249
13/02/2008,0.9885
14/02/2008,0.9735
15/02/2008,0.9423
16/02/2008,0.905
17/02/2008,0.8907
18/02/2008,0.8847
19/02/2008,0.8706
20/02/2008,0.8595
21/02/2008,0.8448
22/02/2008,0.8912
23/02/2008,0.8628
24/02/2008,0.8195
25/02/2008,0.8179
26/02/2008,0.7929
27/02/2008,0.7521
28/02/2008,0.7468
29/02/2008,0.8681
01/03/2008,0.899
02/03/2008,0.9092
03/03/2008,0.8221
04/03/2008,0.7927
05/03/2008,0.7819
06/03/2008,0.7858
07/03/2008,0.7535
08/03/2008,0.7617
09/03/2008,0.7323
10/03/2008,1.3282
11/03/2008,1.0586
12/03/2008,0.8859
13/03/2008,0.8198
14/03/2008,0.7774
15/03/2008,0.7593
16/03/2008,0.7619
17/03/2008,0.7417
18/03/2008,0.7297
19/03/2008,0.7188
20/03/2008,0.7651
21/03/2008,0.8877
22/03/2008,0.8718
23/03/2008,0.9174
24/03/2008,0.8873
25/03/2008,0.8444
26/03/2008,0.8404
27/03/2008,0.9391
28/03/2008,1.2259
29/03/2008,1.1479
30/03/2008,1.0038
31/03/2008,0.9089
01/04/2008,0.9195
02/04/2008,0.861
03/04/2008,0.825
04/04/2008,0.8365
05/04/2008,0.8861
06/04/2008,1.1423
07/04/2008,2.4918
08/04/2008,2.2214
09/04/2008,1.7398
10/04/2008,1.5287
11/04/2008,2.1401
12/04/2008,1.841
13/04/2008,1.6053
14/04/2008,1.5359
15/04/2008,1.3659
16/04/2008,1.2663
17/04/2008,1.1961
18/04/2008,1.1291
19/04/2008,1.069
20/04/2008,1.0188
21/04/2008,0.9788
22/04/2008,0.9494
23/04/2008,0.9253
24/04/2008,0.9012
25/04/2008,0.873
26/04/2008,0.8461
27/04/2008,0.8291
28/04/2008,1.0978
29/04/2008,1.0502
30/04/2008,1.4046
01/05/2008,1.532
02/05/2008,1.2158
03/05/2008,1.0465
04/05/2008,0.9791
05/05/2008,0.9223
06/05/2008,0.8924
07/05/2008,0.8649
08/05/2008,0.838
09/05/2008,0.8152
10/05/2008,1.1413
11/05/2008,0.9044
12/05/2008,0.9726
13/05/2008,0.8739
14/05/2008,0.8315
15/05/2008,0.8245
16/05/2008,0.8125
17/05/2008,0.7784
18/05/2008,0.7562
19/05/2008,0.74
20/05/2008,0.7291
21/05/2008,0.7141
22/05/2008,0.6985
23/05/2008,0.6874
24/05/2008,0.664
25/05/2008,0.6439
26/05/2008,0.6339
27/05/2008,0.626
28/05/2008,0.7032
29/05/2008,0.6606
30/05/2008,0.6517
31/05/2008,0.6188
01/06/2008,0.6548
02/06/2008,0.6445
03/06/2008,0.6805
04/06/2008,0.6177
05/06/2008,0.586
06/06/2008,0.5732
07/06/2008,0.5516
08/06/2008,0.5373
09/06/2008,0.53
10/06/2008,0.5234
11/06/2008,0.5185
12/06/2008,0.5122
13/06/2008,0.5122
14/06/2008,0.515
15/06/2008,0.5035
16/06/2008,0.4957
17/06/2008,0.502
18/06/2008,0.4972
19/06/2008,0.4925
20/06/2008,0.4786
21/06/2008,0.5246
22/06/2008,0.6633
23/06/2008,0.5245
24/06/2008,0.5322
25/06/2008,0.6109
26/06/2008,0.5349
27/06/2008,0.5017
28/06/2008,0.4847
29/06/2008,0.471
30/06/2008,0.4636
01/07/2008,0.49
02/07/2008,0.4795
03/07/2008,0.4627
04/07/2008,0.4559
05/07/2008,0.4534
06/07/2008,0.4604
07/07/2008,0.4736
08/07/2008,0.4824
09/07/2008,0.4725
10/07/2008,0.6435
11/07/2008,0.5922
12/07/2008,0.5056
13/07/2008,0.4684
14/07/2008,0.4466
15/07/2008,0.4311
16/07/2008,0.4255
17/07/2008,0.4575
18/07/2008,0.4597
19/07/2008,0.4382
20/07/2008,0.4247
21/07/2008,0.4062
22/07/2008,0.3995
23/07/2008,0.3948
24/07/2008,0.3934
25/07/2008,0.3973
26/07/2008,0.3947
27/07/2008,0.397
28/07/2008,0.3853
29/07/2008,0.3953
30/07/2008,0.3897
31/07/2008,0.3916
01/08/2008,0.452
02/08/2008,0.4283
03/08/2008,0.4272
04/08/2008,0.4085
05/08/2008,0.4018
06/08/2008,0.4717
07/08/2008,0.586
08/08/2008,0.4493
09/08/2008,0.4854
10/08/2008,0.6982
11/08/2008,0.5098
12/08/2008,0.4783
13/08/2008,0.4617
14/08/2008,0.4258
15/08/2008,0.4196
16/08/2008,0.4119
17/08/2008,0.4114
18/08/2008,0.4478
19/08/2008,0.8824
20/08/2008,0.6044
21/08/2008,1.2177
22/08/2008,0.7992
23/08/2008,0.6689
24/08/2008,0.5788
25/08/2008,0.5343
26/08/2008,0.5127
27/08/2008,0.4932
28/08/2008,0.4744
29/08/2008,0.463
30/08/2008,0.4596
31/08/2008,0.4814
01/09/2008,0.4637
02/09/2008,0.4503
03/09/2008,0.4516
04/09/2008,0.5545
05/09/2008,0.5038
06/09/2008,0.4637
07/09/2008,0.4576
08/09/2008,0.4468
09/09/2008,0.5064
10/09/2008,0.5008
11/09/2008,0.5018
12/09/2008,0.4892
13/09/2008,0.5448
14/09/2008,0.5305
15/09/2008,0.6428
16/09/2008,1.225
17/09/2008,0.7949
18/09/2008,0.8369
19/09/2008,0.8068
20/09/2008,0.6654
21/09/2008,0.6
22/09/2008,0.5645
23/09/2008,0.5509
24/09/2008,0.5364
25/09/2008,0.5209
26/09/2008,0.5127
27/09/2008,0.5122
28/09/2008,0.5064
29/09/2008,0.5037
30/09/2008,0.4964
01/10/2008,0.5103
02/10/2008,0.6381
03/10/2008,0.9653
04/10/2008,0.6713
05/10/2008,0.589
06/10/2008,0.5603
07/10/2008,0.8449
08/10/2008,1.1223
09/10/2008,0.7514
10/10/2008,0.6854
11/10/2008,0.6224
12/10/2008,0.5996
13/10/2008,0.5767
14/10/2008,0.5612
15/10/2008,0.5519
16/10/2008,0.5311
17/10/2008,0.5275
18/10/2008,0.5178
19/10/2008,0.5347
20/10/2008,0.5404
21/10/2008,0.5154
22/10/2008,0.5067
23/10/2008,0.5096
24/10/2008,0.4915
25/10/2008,0.4943
26/10/2008,0.4879
27/10/2008,0.5222
28/10/2008,0.5238
29/10/2008,0.5688
30/10/2008,0.6331
31/10/2008,1.1179
01/11/2008,0.797
02/11/2008,0.6681
03/11/2008,0.6154
04/11/2008,0.5982
05/11/2008,0.5886
06/11/2008,0.7014
07/11/2008,0.8112
08/11/2008,0.7439
09/11/2008,0.7249
10/11/2008,0.6594
11/11/2008,0.7021
12/11/2008,0.7592
13/11/2008,0.7005
14/11/2008,0.6701
15/11/2008,0.6241
16/11/2008,0.5948
17/11/2008,0.611
18/11/2008,0.597
19/11/2008,0.5861
20/11/2008,0.7403
21/11/2008,0.8779
22/11/2008,0.794
23/11/2008,0.9925
24/11/2008,1.693
25/11/2008,1.5383
26/11/2008,1.3211
27/11/2008,1.0274
28/11/2008,0.8892
29/11/2008,0.7963
30/11/2008,0.7616
01/12/2008,0.8342
02/12/2008,0.7751
03/12/2008,0.7446
04/12/2008,0.8246
05/12/2008,3.463
06/12/2008,1.5585
07/12/2008,1.2441
08/12/2008,1.1588
09/12/2008,1.0051
10/12/2008,1.0486
11/12/2008,1.0044
12/12/2008,1.1585
13/12/2008,3.2375
14/12/2008,3.2423
15/12/2008,1.9887
16/12/2008,1.6609
17/12/2008,1.4147
18/12/2008,1.2831
19/12/2008,1.1913
20/12/2008,1.0901
21/12/2008,1.032
22/12/2008,0.9643
23/12/2008,0.9241
24/12/2008,0.8927
25/12/2008,0.8609
26/12/2008,0.833
27/12/2008,0.8284
28/12/2008,0.8072
29/12/2008,0.7964
30/12/2008,0.7589
31/12/2008,0.7232
01/01/2009,0.7181
02/01/2009,0.6944
03/01/2009,0.6792
04/01/2009,0.6894
05/01/2009,0.6534
06/01/2009,0.6505
07/01/2009,0.6451
08/01/2009,0.6335
09/01/2009,0.6183
10/01/2009,0.658
11/01/2009,0.7169
12/01/2009,0.7246
13/01/2009,0.6678
14/01/2009,0.6537
15/01/2009,0.7736
16/01/2009,0.7815
17/01/2009,0.8095
18/01/2009,0.7753
19/01/2009,0.8281
20/01/2009,0.7264
21/01/2009,0.712
22/01/2009,1.0793
23/01/2009,0.8307
24/01/2009,0.7435
25/01/2009,1.0789
26/01/2009,0.8304
27/01/2009,0.7699
28/01/2009,0.7302
29/01/2009,0.7372
30/01/2009,0.9356
31/01/2009,0.8944
01/02/2009,0.8075
02/02/2009,0.8027
03/02/2009,2.0177
04/02/2009,1.5837
05/02/2009,1.222
06/02/2009,1.0734
07/02/2009,1.0178
08/02/2009,0.9374
09/02/2009,0.8892
10/02/2009,0.8379
11/02/2009,0.803
12/02/2009,0.8006
13/02/2009,0.7797
14/02/2009,0.8379
15/02/2009,1.2582
16/02/2009,4.6157
17/02/2009,3.2521
18/02/2009,2.2371
19/02/2009,1.8259
20/02/2009,1.6177
21/02/2009,1.4692
22/02/2009,1.325
23/02/2009,1.2505
24/02/2009,1.1725
25/02/2009,1.1051
26/02/2009,1.0531
27/02/2009,1.0427
28/02/2009,0.9903
01/03/2009,0.9417
02/03/2009,0.9118
03/03/2009,1.0028
04/03/2009,1.0263
05/03/2009,0.9037
06/03/2009,0.8649
07/03/2009,0.8755
08/03/2009,0.862
09/03/2009,0.815
10/03/2009,0.776
11/03/2009,0.7788
12/03/2009,0.7501
13/03/2009,0.7356
14/03/2009,0.7175
15/03/2009,0.699
16/03/2009,0.6971
17/03/2009,0.6792
18/03/2009,0.6668
19/03/2009,0.6588
20/03/2009,0.653
21/03/2009,0.6443
22/03/2009,0.6576
23/03/2009,0.794
24/03/2009,0.7413
25/03/2009,0.6975
26/03/2009,0.6838
27/03/2009,0.8845
28/03/2009,1.4762
29/03/2009,0.9157
30/03/2009,0.8028
31/03/2009,0.7447
01/04/2009,0.7178
02/04/2009,0.6963
03/04/2009,0.676
04/04/2009,0.6506
05/04/2009,0.6663
06/04/2009,0.6912
07/04/2009,0.8128
08/04/2009,0.7185
09/04/2009,0.7175
10/04/2009,0.693
11/04/2009,0.6499
12/04/2009,0.6267
13/04/2009,0.6129
14/04/2009,0.6041
15/04/2009,0.5985
16/04/2009,0.5901
17/04/2009,0.5711
18/04/2009,0.5665
19/04/2009,0.5526
20/04/2009,0.5397
21/04/2009,0.5378
22/04/2009,0.5357
23/04/2009,0.5317
24/04/2009,0.5281
25/04/2009,0.5219
26/04/2009,0.5197
27/04/2009,0.5194
28/04/2009,0.5165
29/04/2009,0.5072
30/04/2009,0.4997
01/05/2009,0.4884
02/05/2009,0.4752
03/05/2009,0.4705
04/05/2009,0.4739
05/05/2009,0.4984
06/05/2009,0.4834
07/05/2009,0.4738
08/05/2009,0.474
09/05/2009,0.4609
10/05/2009,0.4486
11/05/2009,0.4425
12/05/2009,0.4387
13/05/2009,0.4349
14/05/2009,0.4324
15/05/2009,0.6219
16/05/2009,0.7749
17/05/2009,0.6675
18/05/2009,0.6058
19/05/2009,0.6336
20/05/2009,0.5777
21/05/2009,0.7141
22/05/2009,0.6288
23/05/2009,0.5693
24/05/2009,0.5348
25/05/2009,0.628
26/05/2009,0.6688
27/05/2009,0.5653
28/05/2009,0.5288
29/05/2009,0.5056
30/05/2009,0.4874
31/05/2009,0.4715
01/06/2009,0.4576
02/06/2009,0.4572
03/06/2009,0.4515
04/06/2009,0.4495
05/06/2009,0.5219
06/06/2009,0.527
07/06/2009,0.4755
08/06/2009,0.4559
09/06/2009,0.4515
10/06/2009,0.554
11/06/2009,0.5289
12/06/2009,0.4716
13/06/2009,0.5741
14/06/2009,0.6377
15/06/2009,0.5576
16/06/2009,0.5049
17/06/2009,0.5176
18/06/2009,0.4814
19/06/2009,0.4696
20/06/2009,0.4497
21/06/2009,0.4384
22/06/2009,0.457
23/06/2009,0.437
24/06/2009,0.4284
25/06/2009,0.4133
26/06/2009,0.4295
27/06/2009,0.4247
28/06/2009,0.4218
29/06/2009,0.4088
30/06/2009,0.4028
01/07/2009,0.3957
02/07/2009,0.3848
03/07/2009,0.3932
04/07/2009,0.3802
05/07/2009,0.3783
06/07/2009,1.1785
07/07/2009,0.688
08/07/2009,0.541
09/07/2009,0.5014
10/07/2009,0.474
11/07/2009,0.4521
12/07/2009,0.8006
13/07/2009,0.6388
14/07/2009,0.6163
15/07/2009,0.6335
16/07/2009,0.582
17/07/2009,1.093
18/07/2009,1.7571
19/07/2009,0.9271
20/07/2009,0.7327
21/07/2009,1.3089
22/07/2009,1.2776
23/07/2009,0.9426
24/07/2009,0.982
25/07/2009,0.8394
26/07/2009,0.8681
27/07/2009,0.7957
28/07/2009,0.7722
29/07/2009,0.7473
30/07/2009,0.6719
31/07/2009,0.6405
01/08/2009,0.6451
02/08/2009,0.6008
03/08/2009,0.5798
04/08/2009,0.5853
05/08/2009,0.5536
06/08/2009,0.5382
07/08/2009,0.5612
08/08/2009,0.5458
09/08/2009,0.5562
10/08/2009,0.5776
11/08/2009,0.5552
12/08/2009,0.5347
13/08/2009,0.5386
14/08/2009,0.6383
15/08/2009,0.6059
16/08/2009,0.544
17/08/2009,0.5316
18/08/2009,0.5362
19/08/2009,0.5414
20/08/2009,0.5666
21/08/2009,0.5281
22/08/2009,0.5218
23/08/2009,0.5486
24/08/2009,0.5198
25/08/2009,0.5086
26/08/2009,0.5173
27/08/2009,0.522
28/08/2009,0.5243
29/08/2009,0.4997
30/08/2009,0.4979
31/08/2009,0.5439
01/09/2009,0.5276
02/09/2009,0.5241
03/09/2009,3.3191
04/09/2009,3.3672
05/09/2009,1.3375
06/09/2009,0.9831
07/09/2009,0.8501
08/09/2009,0.7805
09/09/2009,0.7119
10/09/2009,0.6823
11/09/2009,0.6664
12/09/2009,0.6436
13/09/2009,0.6336
14/09/2009,0.6193
15/09/2009,0.6112
16/09/2009,0.5944
17/09/2009,0.5823
18/09/2009,0.5788
19/09/2009,0.5648
20/09/2009,0.5564
21/09/2009,0.5594
22/09/2009,0.5406
23/09/2009,0.5372
24/09/2009,0.5333
25/09/2009,0.5255
26/09/2009,0.5229
27/09/2009,0.5247
28/09/2009,0.5282
29/09/2009,0.5618
30/09/2009,0.5412
01/10/2009,0.532
02/10/2009,0.5402
03/10/2009,0.5352
04/10/2009,0.529
05/10/2009,0.5281
06/10/2009,0.53
07/10/2009,0.5174
08/10/2009,0.5116
09/10/2009,0.5428
10/10/2009,0.56
11/10/2009,0.5322
12/10/2009,0.536
13/10/2009,0.7826
14/10/2009,0.7204
15/10/2009,0.6197
16/10/2009,0.5778
17/10/2009,0.557
18/10/2009,0.557
19/10/2009,0.6135
20/10/2009,0.6393
21/10/2009,4.3944
22/10/2009,6.453
23/10/2009,3.9615
24/10/2009,4.5396
25/10/2009,3.1503
26/10/2009,2.3539
27/10/2009,2.8375
28/10/2009,2.3832
29/10/2009,1.8494
30/10/2009,1.7383
31/10/2009,1.6552
01/11/2009,6.3794
02/11/2009,5.1814
03/11/2009,3.6528
04/11/2009,2.6015
05/11/2009,2.1882
06/11/2009,1.9352
07/11/2009,1.6092
08/11/2009,1.4007
09/11/2009,1.3054
10/11/2009,1.3465
11/11/2009,1.2873
12/11/2009,1.6235
13/11/2009,1.6469
14/11/2009,2.1928
15/11/2009,1.4716
16/11/2009,1.7152
17/11/2009,1.5444
18/11/2009,1.3317
19/11/2009,1.295
20/11/2009,1.247
21/11/2009,1.6483
22/11/2009,1.7398
23/11/2009,1.6192
24/11/2009,1.7079
25/11/2009,1.719
26/11/2009,1.5154
27/11/2009,1.3339
28/11/2009,1.2808
29/11/2009,1.2524
30/11/2009,1.2001
01/12/2009,1.1577
02/12/2009,1.2414
03/12/2009,1.4589
04/12/2009,1.3012
05/12/2009,1.2502
06/12/2009,1.2921
07/12/2009,1.1383
08/12/2009,1.0705
09/12/2009,1.0275
10/12/2009,0.9694
11/12/2009,0.9278
12/12/2009,0.8923
13/12/2009,0.8779
14/12/2009,1.0072
15/12/2009,1.159
16/12/2009,1.3977
17/12/2009,1.2038
18/12/2009,1.0588
19/12/2009,1.02
20/12/2009,0.9755
21/12/2009,0.9354
22/12/2009,0.9145
23/12/2009,1.0182
24/12/2009,0.981
25/12/2009,1.0045
26/12/2009,0.9162
27/12/2009,0.8692
28/12/2009,0.8204
29/12/2009,0.7995
30/12/2009,0.8041
31/12/2009,0.8056
01/01/2010,0.8053
02/01/2010,0.8012
03/01/2010,0.7892
04/01/2010,0.7985
05/01/2010,0.7913
06/01/2010,0.7774
07/01/2010,0.7625
08/01/2010,0.8389
11/01/2010,0.7603
12/01/2010,1.0043
13/01/2010,1.3369
14/01/2010,1.6071
15/01/2010,2.495
16/01/2010,7.2431
17/01/2010,2.9635
18/01/2010,2.5727
20/01/2010,2.2406
21/01/2010,2.1809
22/01/2010,2.8536
23/01/2010,3.1903
24/01/2010,3.4
25/01/2010,2.4286
26/01/2010,2.1661
27/01/2010,2.9987
28/01/2010,2.7432
29/01/2010,2.3507
30/01/2010,1.9449
31/01/2010,1.7379
01/02/2010,1.6221
02/02/2010,1.536
03/02/2010,1.4134
04/02/2010,1.4134
05/02/2010,2.5158
06/02/2010,2.2472
07/02/2010,1.8913
08/02/2010,1.7165
09/02/2010,1.6265
10/02/2010,1.537
11/02/2010,1.5259
12/02/2010,1.4517
13/02/2010,1.3756
14/02/2010,1.3651
15/02/2010,1.3601
16/02/2010,1.3492
17/02/2010,1.3193
18/02/2010,1.209
19/02/2010,1.1412
20/02/2010,1.0775
21/02/2010,1.0344
22/02/2010,0.9994
23/02/2010,0.9814
24/02/2010,0.9949
25/02/2010,1.0708
26/02/2010,1.2006
27/02/2010,1.095
28/02/2010,1.0423
01/03/2010,0.9929
02/03/2010,0.9562
03/03/2010,0.9309
04/03/2010,0.9045
05/03/2010,1.2422
06/03/2010,1.7155
07/03/2010,1.5281
08/03/2010,1.4934
09/03/2010,1.3565
10/03/2010,1.3024
11/03/2010,2.3516
12/03/2010,3.3121
13/03/2010,3.3542
14/03/2010,3.2723
15/03/2010,2.9038
16/03/2010,2.3078
17/03/2010,2.1345
18/03/2010,2.2022
19/03/2010,2.0356
20/03/2010,1.8308
21/03/2010,1.678
22/03/2010,1.5721
23/03/2010,1.4763
24/03/2010,1.4196
25/03/2010,1.3963
26/03/2010,1.4053
27/03/2010,1.2789
28/03/2010,1.2247
29/03/2010,1.1791
30/03/2010,1.5577
31/03/2010,1.8663
01/04/2010,1.8335
02/04/2010,1.7851
03/04/2010,2.9528
04/04/2010,2.5326
05/04/2010,2.5275
06/04/2010,2.1986
07/04/2010,1.8292
08/04/2010,1.6829
09/04/2010,1.5708
10/04/2010,1.4781
11/04/2010,1.4003
12/04/2010,1.3256
13/04/2010,1.2699
14/04/2010,1.2169
15/04/2010,1.1664
16/04/2010,1.1162
17/04/2010,1.0796
18/04/2010,1.056
19/04/2010,1.0226
20/04/2010,1.0134
21/04/2010,0.9539
22/04/2010,0.9354
23/04/2010,1.0166
24/04/2010,0.9955
25/04/2010,0.9221
26/04/2010,0.867
27/04/2010,0.8838
28/04/2010,0.8645
29/04/2010,0.8331
30/04/2010,0.8314
01/05/2010,0.8607
02/05/2010,0.7956
03/05/2010,0.7688
04/05/2010,0.7578
05/05/2010,0.7502
06/05/2010,0.7368
07/05/2010,0.7209
08/05/2010,0.7045
09/05/2010,0.6826
10/05/2010,0.6682
11/05/2010,0.6652
12/05/2010,0.6476
13/05/2010,0.6393
14/05/2010,0.6412
15/05/2010,0.6211
16/05/2010,0.6138
17/05/2010,0.5958
18/05/2010,0.5827
19/05/2010,0.5744
20/05/2010,0.5654
21/05/2010,3.2848
22/05/2010,1.6886
23/05/2010,1.1903
24/05/2010,1.069
25/05/2010,0.9234
26/05/2010,0.8791
27/05/2010,0.9752
28/05/2010,0.9477
29/05/2010,0.928
30/05/2010,1.496
31/05/2010,1.0155
01/06/2010,0.9157
02/06/2010,0.8453
03/06/2010,0.8033
04/06/2010,0.7764
05/06/2010,0.9366
06/06/2010,0.8896
07/06/2010,0.9413
08/06/2010,1.2583
09/06/2010,1.177
10/06/2010,0.9536
11/06/2010,0.8734
12/06/2010,0.8226
13/06/2010,0.848
14/06/2010,0.805
15/06/2010,0.7687
16/06/2010,0.7587
17/06/2010,0.7414
18/06/2010,0.7052
19/06/2010,0.6859
20/06/2010,0.6707
21/06/2010,0.6583
22/06/2010,0.6423
23/06/2010,0.6282
24/06/2010,0.6144
25/06/2010,0.6013
26/06/2010,0.5963
27/06/2010,0.5886
28/06/2010,0.5744
29/06/2010,0.5636
30/06/2010,0.5582
01/07/2010,0.6474
02/07/2010,0.6282
03/07/2010,0.5629
04/07/2010,0.5612
05/07/2010,0.5365
06/07/2010,0.5364
07/07/2010,0.5207
08/07/2010,0.5137
09/07/2010,0.5161
10/07/2010,0.5245
11/07/2010,0.5171
12/07/2010,0.679
13/07/2010,0.563
14/07/2010,0.7507
15/07/2010,0.7805
16/07/2010,0.6412
17/07/2010,0.5677
18/07/2010,0.5441
19/07/2010,0.5842
20/07/2010,0.5739
21/07/2010,1.5696
22/07/2010,0.822
23/07/2010,0.6643
24/07/2010,0.6114
25/07/2010,0.5858
26/07/2010,0.5901
27/07/2010,0.57
28/07/2010,0.5755
29/07/2010,0.5662
30/07/2010,0.5496
31/07/2010,0.5634
01/08/2010,0.5535
02/08/2010,0.5386
03/08/2010,0.5255
04/08/2010,0.517
05/08/2010,0.5177
06/08/2010,0.5208
07/08/2010,0.5218
08/08/2010,0.5034
09/08/2010,0.6541
10/08/2010,0.6829
11/08/2010,0.9615
12/08/2010,1.0773
13/08/2010,0.7008
14/08/2010,0.6164
15/08/2010,0.5811
16/08/2010,0.5832
17/08/2010,0.6126
18/08/2010,0.5659
19/08/2010,0.5417
20/08/2010,0.5408
21/08/2010,0.5228
22/08/2010,0.5274
23/08/2010,0.6138
24/08/2010,0.7527
25/08/2010,0.6
26/08/2010,0.5802
27/08/2010,0.5803
28/08/2010,0.5883
29/08/2010,1.135
30/08/2010,0.7106
31/08/2010,0.626
01/09/2010,0.6042
02/09/2010,0.5796
03/09/2010,0.5783
04/09/2010,0.5579
05/09/2010,0.5494
06/09/2010,0.5473
07/09/2010,1.0433
08/09/2010,1.3069
09/09/2010,0.8397
10/09/2010,0.7497
11/09/2010,0.8369
12/09/2010,0.7347
13/09/2010,0.8145
14/09/2010,0.7511
15/09/2010,0.8254
16/09/2010,0.7665
17/09/2010,0.7059
18/09/2010,0.8453
19/09/2010,1.1469
20/09/2010,1.1081
21/09/2010,0.8949
22/09/2010,1.1101
23/09/2010,2.4333
24/09/2010,1.4652
25/09/2010,1.149
26/09/2010,1.0205
27/09/2010,0.9598
28/09/2010,0.9642
29/09/2010,2.3328
30/09/2010,1.4815
01/10/2010,2.2123
02/10/2010,1.6614
03/10/2010,1.4237
04/10/2010,1.2555
05/10/2010,1.1337
06/10/2010,1.0475
07/10/2010,0.9809
08/10/2010,0.9654
09/10/2010,0.9443
10/10/2010,0.9055
11/10/2010,0.8715
12/10/2010,0.8503
13/10/2010,0.8307
14/10/2010,0.8064
15/10/2010,0.8388
16/10/2010,0.9039
17/10/2010,0.8393
18/10/2010,0.8062
19/10/2010,0.9991
20/10/2010,0.9945
21/10/2010,1.5089
22/10/2010,1.9025
23/10/2010,1.8096
24/10/2010,1.6951
25/10/2010,1.341
26/10/2010,1.5448
27/10/2010,1.2374
28/10/2010,1.1416
29/10/2010,1.1259
30/10/2010,1.0561
31/10/2010,0.9813
01/11/2010,0.9844
02/11/2010,0.9882
03/11/2010,0.9247
04/11/2010,0.933
05/11/2010,0.9145
06/11/2010,0.8943
07/11/2010,0.9104
08/11/2010,2.5885
09/11/2010,2.5908
10/11/2010,1.4899
11/11/2010,1.6264
12/11/2010,1.3098
13/11/2010,1.189
14/11/2010,1.1291
15/11/2010,1.0617
16/11/2010,1.0291
17/11/2010,1.0996
18/11/2010,1.7218
19/11/2010,3.1823
20/11/2010,2.4419
21/11/2010,1.8105
22/11/2010,1.923
23/11/2010,2.8594
24/11/2010,2.7435
25/11/2010,2.076
26/11/2010,1.8436
27/11/2010,1.7187
28/11/2010,1.6237
03/12/2010,1.3577
04/12/2010,1.3066
05/12/2010,1.2717
06/12/2010,1.2287
07/12/2010,1.1728
08/12/2010,1.1296
09/12/2010,1.2424
10/12/2010,4.996
11/12/2010,5.8135
12/12/2010,3.4731
13/12/2010,2.4688
14/12/2010,2.6677
15/12/2010,2.9015
16/12/2010,2.6152
17/12/2010,2.0781
18/12/2010,1.7965
19/12/2010,1.667
20/12/2010,1.55
21/12/2010,1.4272
22/12/2010,1.3492
23/12/2010,1.2949
24/12/2010,1.2465
25/12/2010,1.2155
26/12/2010,1.2053
27/12/2010,1.2038
28/12/2010,1.5912
29/12/2010,1.506
30/12/2010,1.3816
31/12/2010,1.8038
