Date,Msus_kg/day,PP_kg/day,PP_mgl,Q_cumecs,SRP_kg/day,SRP_mgl,SS_mgl,TDP_kg/day,TDP_mgl,TP_kg/day,TP_mgl
2004-01-01,473.4849748701988,0.9544595492426476,0.014718252244678093,0.750563676990669,0.7777819585781474,0.011993793835261503,7.301379403385268,1.1111170836830677,0.01713399119323072,2.0655766329257155,0.031852243437908816
2004-01-02,545.6669902467256,1.0999782414614363,0.017537974584220305,0.725923599980539,1.0648316069525727,0.016977599151776865,8.700075552113155,1.521188009932247,0.02425371307396695,2.6211662513936833,0.041791687658187256
2004-01-03,538.6814184868285,1.0859127339182888,0.017525233145946655,0.7171621807072774,1.0665214946186177,0.01721228351463572,8.693624409676824,1.523602135169454,0.024588976449479605,2.609514869087743,0.042114209595426264
2004-01-04,535.6184906271807,1.0797545059970117,0.017342634672154043,0.7206032341954685,1.0846334284378114,0.01742099819739484,8.602914602352644,1.5494763263397306,0.024887140281992633,2.6292308323367424,0.042229774954146676
2004-01-05,531.6452309169729,1.0717606899030145,0.017453923597980987,0.7107076838615904,1.076141171203935,0.017525260965239316,8.657991778458962,1.5373445302913358,0.025036087093199027,2.6091052201943503,0.04249001069118001
2004-01-06,506.090102860917,1.0202585011927892,0.01692920587259308,0.6975251855508563,1.0233966999719661,0.01698127817891515,8.397581133994695,1.4619952856742375,0.024258968827021644,2.4822537868670267,0.04118817469961472
2004-01-07,668.869458818083,1.3484369652040804,0.01879825046479274,0.8302320127461789,1.58531201128461,0.02210047115436513,9.324555718635123,2.2647314446923,0.03157210164909304,3.6131684098963808,0.05037035211388578
2004-01-08,1696.5469742872183,3.420280091778711,0.029382098146886103,1.347302528853714,3.7975310862178717,0.032622892890938004,14.574277068456777,5.425044408882674,0.04660413270134001,8.845324500661384,0.07598623084822612
2004-01-09,2194.739185980611,4.424692506751208,0.03620461628984517,1.4145079847870967,4.329326194818716,0.035424290713497106,17.958240027634766,6.18475170688388,0.050606129590710154,10.609444213635088,0.08681074588055532
2004-01-10,1666.7091961375581,3.360201637333914,0.030940698290213776,1.2569600818165312,3.321530026948728,0.030584610543564705,15.34703923783974,4.74504289564104,0.04369230077652101,8.105244532974954,0.07463299906673479
2004-01-11,1391.6367241288815,2.805672198900277,0.02863750251789449,1.133934701091721,2.646657074462041,0.02701443478094781,14.204439209561343,3.7809386778029155,0.0385920496870683,6.586610876703192,0.0672295522049628
2004-01-12,1080.367839237301,2.1781555340819594,0.025142385384945298,1.0026945777155354,1.9440930266777838,0.022440608733443345,12.470654251535539,2.777275752396834,0.03205801247634764,4.9554312864787935,0.05720039786129294
2004-01-13,878.5938226885219,1.7713766438879472,0.022667442929689717,0.9044709874438616,1.4451096573870184,0.018492363438904987,11.242936618187564,2.0644423676957406,0.026417662055578554,3.8358190115836877,0.049085104985268274
2004-01-14,739.0821093703772,1.4901208346710682,0.0206696238877524,0.8344016811076785,1.1119066283255588,0.015423374582143493,10.251886201043925,1.588438040465084,0.022033392260204992,3.078558875136152,0.04270301614795739
2004-01-15,726.916231443911,1.4656194446560495,0.020151106674864774,0.841799325989934,1.1564600232430606,0.015900409467517994,9.994522505093103,1.6520857474900867,0.022714870667882848,3.1177051921461363,0.04286597734274762
2004-01-16,1026.1085888098255,2.0688840686109966,0.02332719510073962,1.0265022158629007,1.994663668547987,0.02249034117596308,11.569635828740116,2.8495195264971245,0.0321290588228044,4.918403595108121,0.05545625392354402
2004-01-17,1174.8885832350716,2.3688915118434557,0.026129045627357367,1.0493198344303418,2.250980238686382,0.02482847571062723,12.959106504004017,3.2156860552662603,0.03546925101518176,5.584577567109716,0.06159829664253913
2004-01-18,1213.959623396849,2.447704644767228,0.025775096575011893,1.0991196400581478,2.3450587083065813,0.02469420271350708,12.783375068602064,3.350083869009402,0.03527743244786726,5.79778851377663,0.06105252902287915
2004-01-19,1489.7487906887945,3.003818192699011,0.028771554224075416,1.208360660553328,2.8366713557194414,0.02717056708869247,14.269301722632031,4.052387651027773,0.038815095840989244,7.056205843726785,0.06758665006506466
2004-01-20,1619.1362909422894,3.2647484245803744,0.03018522120021229,1.2518192213560502,2.9946243247696165,0.027687706952895064,14.970215385482934,4.278034749670881,0.03955386707556438,7.542783174251255,0.06973908827577667
2004-01-21,1555.9467522504247,3.13737672739528,0.029907718402538638,1.2141424548810387,2.7783383335323886,0.026485107695450854,14.832397049838667,3.969054762189127,0.037835868136358364,7.106431489584407,0.067743586538897
2004-01-22,1307.2486367203715,2.635942136195124,0.027673303938338133,1.1024556231982594,2.2228072917299992,0.023336028866395835,13.724083070791322,3.1754389881857135,0.033337184094851195,5.811381124380837,0.06101048803318933
2004-01-23,1135.3705444337038,2.2893988590483514,0.02543121969225191,1.0419347675958812,1.8666434467064228,0.020735145993750488,12.611982238694466,2.66663349529489,0.02962163713392927,4.956032354343241,0.055052856826181176
2004-01-24,1018.3938892023023,2.0535521089664015,0.024381914530394705,0.9748194381749152,1.5851852103269788,0.018820973738276105,12.091435448065878,2.264550300467113,0.026887105340394436,4.318102409433514,0.05126901987078914
2004-01-25,858.7711549084768,1.7317044550987997,0.022245651731597756,0.9009794758788147,1.2306746537087854,0.015809371894090526,11.031861685743609,1.7581066481554077,0.022584816991557895,3.4898111032542074,0.04483046872315565
2004-01-26,997.6406351811404,2.011764658354019,0.023216566364430574,1.00291803748667,1.6769731492451396,0.0193529388485592,11.51317074706247,2.395675927493057,0.027647055497941712,4.407440585847076,0.05086362186237228
2004-01-27,1074.2069351614055,2.16619165948944,0.02500451685107766,1.0026853498067756,1.82894577955702,0.02111166173330187,12.399653232031474,2.6127796850814575,0.03015951676185982,4.7789713445708975,0.05516403361293748
2004-01-28,869.7233742275632,1.753865286026433,0.0225552768072285,0.8999830465353242,1.3400771583639124,0.0172338271877323,11.184924867213445,1.914395940519875,0.024619753125331857,3.668261226546308,0.047175029932560356
2004-01-29,740.7922787269111,1.4938927382037497,0.020664371641151716,0.8367263960864323,1.0534339736054739,0.014571696195654005,10.247058952113807,1.5049056765792486,0.020816708850934295,2.998798414782998,0.041481080492086014
2004-01-30,1075.9923602880829,2.204410430923617,0.02554233091541845,0.9988912014983777,1.7461810862300702,0.020232863407403618,12.467439158970604,2.4945444089001003,0.02890409058200517,4.698954839823717,0.054446421497423625
2004-01-31,1316.7920404008041,2.715580880690248,0.03062477861893539,1.026304048049992,2.0660809797974915,0.023300087677376954,14.85003264355015,2.9515442568535595,0.033285839539109935,5.667125137543808,0.06391061815804533
2004-02-01,1296.7072597028996,2.6874601185838967,0.030416144262729167,1.0226431797183668,1.9543145121754946,0.022118546699921696,14.67587734787825,2.791877874536421,0.031597923857030995,5.479337993120318,0.062014068119760166
2004-02-02,1920.834430278378,3.9996359257230325,0.0371016496866944,1.2477095456552632,2.8843670524722627,0.026756129291773883,17.818153317403883,4.120524360674661,0.03822304184539126,8.120160286397693,0.07532469153208567
2004-02-03,2175.1741771318198,4.547161207421523,0.042346213012190374,1.2428308672206942,3.001881281034234,0.02795553057510035,20.256679902420117,4.288401830048906,0.03993647225014336,8.835563037470429,0.08228268526233373
2004-02-04,1839.644455704095,3.860694282901151,0.03922699378646503,1.1391125675062581,2.390234779748148,0.02428623402496278,18.691902633373328,3.414621113925926,0.034694620035661115,7.275315396827077,0.07392161382212614
2004-02-05,1766.0963971286324,3.719819141569968,0.03917197196252448,1.099088458652997,2.156981920794804,0.022714339624959685,18.59807585221466,3.081402743992577,0.03244905660708527,6.801221885562545,0.07162102856960975
2004-02-06,1649.756908004455,3.486432227623524,0.03874590714175093,1.0414577392426545,1.8858538509302023,0.02095813525704514,18.334309629639293,2.694076929900289,0.029940193224350205,6.180509157523813,0.06868610036610114
2004-02-07,2201.4030139167826,4.667820385919253,0.04377757710499397,1.2340952259996003,2.608602530207732,0.024465015566352347,20.64605794850633,3.726575043153903,0.03495002223764621,8.394395429073157,0.07872759934264018
2004-02-08,2531.735454193337,5.383338453536285,0.0503514773021434,1.2374444875401502,2.814012780598132,0.026320043198687068,23.679845017566898,4.020018257997331,0.0376000617124101,9.403356711533617,0.08795153901455349
2004-02-09,2173.4533280072405,4.634514922843937,0.04659792593352097,1.1511288955419035,2.290013197129773,0.02302503436134304,21.853078236782824,3.2714474244711047,0.03289290623049006,7.905962347315041,0.07949083216401102
2004-02-10,1976.6934702672575,4.225986841065641,0.04588099307308536,1.0660598530777803,1.9164423080718727,0.02080656650588173,21.46070558849059,2.737774725816961,0.029723666436973904,6.963761566882602,0.07560465951005926
2004-02-11,1588.7972944904625,3.4050617226151734,0.04181401875379843,0.9425173130664989,1.3198901753408874,0.016208197395690942,19.510365825846296,1.885557393344125,0.023154567708129917,5.290619115959299,0.06496858646192835
2004-02-12,1375.6371780906475,2.9551830742455363,0.03917265674142522,0.8731475128057234,1.0207063549047266,0.013530051665134869,18.234864515744192,1.458151935578181,0.019328645235906956,4.413335009823717,0.05850130197733218
2004-02-13,1324.2114600568816,2.8510974145461914,0.03874981156074253,0.8515864036301488,0.9780751084834145,0.013293206311583605,17.99761182553188,1.3972501549763066,0.01899029473083372,4.2483475695224975,0.05774010629157625
2004-02-14,1288.489429593385,2.7800047839255946,0.0389202299184251,0.826716115574713,0.9522067069979157,0.013330949709335899,18.038927536096335,1.3602952957113081,0.019044213870479856,4.140300079636903,0.05796444378890496
2004-02-15,1234.2257638210247,2.668302396010297,0.03861882277026166,0.7996911186851093,0.9171072728316453,0.013273459291480782,17.86317251851354,1.3101532469023505,0.018962084702115405,3.978455642912648,0.05758090747237706
2004-02-16,1200.6695905507809,2.600736227603186,0.038566301834381075,0.7805029861217525,0.911225937272261,0.013512563928309605,17.804722117174784,1.301751338960373,0.01930366275472801,3.902487566563559,0.057869964589109084
2004-02-17,1167.4627477414106,2.5334103805498556,0.03858563530219422,0.7599169788152947,0.8991517222037179,0.013694717879367964,17.7812849268702,1.2845024602910255,0.01956388268481138,3.817912840840881,0.0581495179870056
2004-02-18,1131.3933262758176,2.4594013278290103,0.038484462298451406,0.7396567717490113,0.8868322063162865,0.013877060332873186,17.703927910056173,1.2669031518804093,0.019824371904104552,3.7263044797094196,0.05830883420255596
2004-02-19,1097.9235427396507,2.3905962002182015,0.038394768945091994,0.7206434173909101,0.8765489413381474,0.014078033784489121,17.633476008628335,1.2522127733402106,0.02011147683498446,3.642808973558412,0.05850624578007645
2004-02-20,1066.3274973911357,2.3254754937534674,0.03831397922250356,0.7024910011523435,0.8663675196879577,0.014274064481668272,17.568557350602386,1.237667885268511,0.020391520688097534,3.5631433790219784,0.058705499910601096
2004-02-21,1035.9683034918346,2.262690685414526,0.03822830252688142,0.685056564603931,0.8559407935097728,0.014461173951134198,17.502750141427576,1.2227725621568184,0.020658819930191714,3.4854632475713445,0.05888712245707313
2004-02-22,1006.2340339848367,2.2009262157884897,0.0381314597483048,0.6680489868799213,0.8452466010233655,0.014644055994747291,17.43319348419014,1.2074951443190935,0.02092007999249613,3.4084213601075835,0.059051539740800935
2004-02-23,1134.114749982545,2.4842143114897315,0.040182215109934985,0.7155523999459172,0.9752632619382857,0.015774902349918716,18.34432827811085,1.3932332313404083,0.022535574785598166,3.87744754283014,0.06271778989553314
2004-02-24,1274.5555159877745,2.795525315125277,0.04330820170798197,0.7471013756557313,1.0744721282641865,0.01664569281798285,19.74537918714785,1.5349601832345523,0.02377956116854693,4.330485498359829,0.0670877628765289
2004-02-25,1337.86941328698,2.93810443512616,0.04593051200067228,0.7403757739303668,1.1584233054559396,0.018109286687359644,20.914514272421176,1.6548904363656283,0.02587040955337092,4.592994871491788,0.0718009215540432
2004-02-26,1140.9608598043271,2.508726498666451,0.04279546801725458,0.6784874116916066,0.8906132948799216,0.01519265364201142,19.463243207520055,1.2723047069713167,0.021703790917159172,3.7810312056377677,0.06449925893441376
2004-02-27,1059.0365374525616,2.331343196447011,0.04144000035124247,0.6511375149386869,0.810699714472561,0.014410317838958586,18.824544816437218,1.1581424492465158,0.02058616834136941,3.489485645693527,0.06202616869261188
2004-02-28,1017.9920145145109,2.243580466194037,0.04099523138169653,0.6334240747441979,0.7923237598988793,0.014477526594520255,18.600990162183226,1.1318910855698276,0.02068218084931465,3.3754715517638645,0.06167741223101118
2004-02-29,984.2855403422068,2.1716501442210627,0.040724464380674015,0.6171926387352581,0.7826980142427667,0.014677758978201755,18.45808429813006,1.1181400203468097,0.020968227111716795,3.289790164567872,0.06169269149239081
2004-03-01,916.2091158527563,2.0203836431539544,0.03917360933000848,0.5969342714100746,0.7719428403344443,0.014967349074927321,17.764555801382233,1.1027754861920633,0.021381927249896175,3.1231591293460177,0.06055553657990465
2004-03-02,834.9420462670903,1.8391340067250226,0.03696610498746803,0.5758321909543991,0.7620566673396005,0.01531713658073179,16.782113335896437,1.088652381913715,0.0218816236867597,2.9277863886387374,0.05884772867422773
2004-03-03,855.5413396455729,1.8823626026409788,0.03647145780628843,0.5973603883055393,0.8383631120900477,0.016243589213917584,16.576423600129438,1.1976615887000681,0.023205127448453693,3.080024191341047,0.05967658525474212
2004-03-04,1207.657979228597,2.653791933864026,0.041185345293039737,0.745779456289112,1.324705364969385,0.02055867574680849,18.742166722168065,1.89243623567055,0.029369536781154986,4.546228169534576,0.07055488207419472
2004-03-05,2711.1038808408575,5.949939834584562,0.061222439998729256,1.1248333843472287,3.067724716506219,0.03156562883161226,27.89614673249726,4.38246388072317,0.045093755473731796,10.332403715307732,0.10631619547246104
2004-03-06,5243.239361856523,11.492216455171077,0.08525679189973297,1.5601310061475542,4.990292219055871,0.03702125755275549,38.89778520079534,7.128988884365532,0.0528875107896507,18.62120533953661,0.13814430268938366
2004-03-07,7499.22510536979,16.41520247347245,0.10290306087733318,1.8463082414562466,6.176951759521728,0.038721864318981794,47.01088632916812,8.824216799316755,0.055316949027116855,25.239419272789206,0.15822000990445004
2004-03-08,6763.1107816890935,14.783823109607573,0.09986845601265891,1.7133444392783754,5.403205059720839,0.036500013753778614,45.686520097154016,7.7188643710297695,0.05214287679111231,22.50268748063734,0.15201133280377122
2004-03-09,4615.661009916904,10.075181731579983,0.08186068330435915,1.4245043525657326,3.783275439170772,0.030739049759110567,37.50216861982434,5.404679198815389,0.043912928227300814,15.479860930395372,0.12577361153165997
2004-03-10,3384.697537227928,7.376962533570179,0.0684657216911379,1.2470694633203883,2.751487737408773,0.025536607080317863,31.41343859860647,3.930696767726819,0.03648086725759695,11.307659301296997,0.10494658894873485
2004-03-11,2846.9288222051464,6.194936382614889,0.06157477906570059,1.1644483937174388,2.2797915911405107,0.022660065393773323,28.297145025573798,3.2568451302007295,0.03237152199110475,9.451781512815618,0.09394630105680533
2004-03-12,2395.1428788336666,5.203260804900956,0.05618304814915899,1.071905636425521,1.860229055970534,0.020086123402005114,25.861941719100248,2.6574700799579056,0.028694462002864452,7.860730884858862,0.08487751015202344
2004-03-13,1822.7524331083882,3.9529239198725534,0.0487084851729345,0.939290846252935,1.252031641040182,0.015427710186139065,22.460212152237098,1.788616630057403,0.022039585980198666,5.741540549929956,0.07074807115313317
2004-03-14,1555.2309637643746,3.3665075773154207,0.04341051193269671,0.8975754105639231,1.0534702382014023,0.0135843099401698,20.05442458098683,1.5049574831448604,0.01940615705738543,4.871465060460281,0.06281666899008215
2004-03-15,1409.9701106168313,3.0461992747883118,0.041246522348623686,0.8547856653899719,0.9795557774160579,0.013263501701714052,19.091450831787746,1.3993653963086543,0.018947859573877218,4.445564671096966,0.0601943819225009
2004-03-16,1225.552005309531,2.642391957727318,0.03768130801809076,0.8116289444302359,0.8819201783205073,0.012576448315883778,17.476742036399596,1.2598859690292963,0.017966354736976827,3.9022779267566143,0.05564766275506759
2004-03-17,1114.4344263957983,2.397665357921107,0.03536919664292812,0.7846023967572595,0.8733541995949221,0.012883297630484554,16.439596227481037,1.2476488565641746,0.01840471090069222,3.6453142144852815,0.05377390754362034
2004-03-18,1054.4935108925806,2.263519300874578,0.03370105022365575,0.777368654168216,0.9065326837037716,0.013497169425982766,15.700126240310368,1.2950466910053882,0.01928167060854681,3.5585659918799664,0.05298272083220256
2004-03-19,1131.5556313807385,2.422977828535461,0.03375288453622734,0.8308541700253482,1.0925599061841011,0.015219721752317155,15.762945134086241,1.5607998659772875,0.021742459646167365,3.9837776945127485,0.0554953441823947
2004-03-20,1468.8811147621211,3.137119806209193,0.03775539999315264,0.9616970558620803,1.7771802834559989,0.021388457122045696,17.678060595730308,2.538828976365713,0.030554938745779567,5.675948782574906,0.0683103387389322
2004-03-21,1429.3809051419835,3.0448576519664394,0.03796817623337854,0.9281827968837081,1.7352680390123012,0.021638109313523477,17.823817174509788,2.4789543414461446,0.030911584733604967,5.523811993412584,0.0688797609669835
2004-03-22,1190.9434852827144,2.5295668116449117,0.03360226554199068,0.8712922530985725,1.4216397451612774,0.018884781379185398,15.820257861444155,2.030913921658968,0.026978259113122,4.56048073330388,0.06058052465511268
2004-03-23,1425.7354802928144,3.0186372243443724,0.03503018850247559,0.9973663383184495,1.9508833257359355,0.0226392923587263,16.54514236641083,2.7869761796227652,0.03234184622675186,5.805613403967138,0.06737203472922745
2004-03-24,1620.9702105598285,3.421080128782442,0.03772903830564609,1.049479037952192,2.2821436359791556,0.025168391683210292,17.8767070236057,3.2602051942559367,0.03595484526172899,6.681285323038379,0.07368388356737508
2004-03-25,1559.0452814963314,3.278780064945213,0.03605798141465096,1.0524394837270077,2.2413684103939615,0.024649174047824306,17.14540916782515,3.201954871991374,0.035213105782606155,6.480734936936587,0.07127108719725711
2004-03-26,1340.532559640097,2.809032833312344,0.033690267109042424,0.9650251208764409,1.8767190989163527,0.022508518583806432,16.07774016275495,2.6810272841662184,0.032155026548294906,5.490060117478563,0.06584529365733732
2004-03-27,1028.7744294663044,2.1470255645129956,0.028452991706082488,0.873364501677055,1.3751065854565827,0.018223302469083727,13.63361051347059,1.9644379792236897,0.026033289241548185,4.1114635437366855,0.05448628094763067
2004-03-28,856.3657875225288,1.7796201429003422,0.025639191708580422,0.8033582178314029,1.0900840218864596,0.015704965650735744,12.33776021616379,1.557262888409228,0.02243566521533678,3.3368830313095703,0.048074856923917206
2004-03-29,694.681970312209,1.4368796370018226,0.02238089370028709,0.7430691364203402,0.8645001769746252,0.013465488734408114,10.820393672990596,1.2350002528208932,0.019236412477725878,2.6718798898227156,0.04161730617801297
2004-03-30,559.4499503507241,1.1358363568666987,0.01837115613101509,0.7155920964716778,0.8358734220176698,0.013519518941983161,9.04861190896708,1.1941048885966712,0.019313598488547374,2.32994124546337,0.037684754619562465
2004-03-31,503.37899319317495,1.0160960529372116,0.01700184700180991,0.6917113759356642,0.8270848742440773,0.013839213771926671,8.42279881065961,1.1815498203486818,0.019770305388466674,2.1976458732858934,0.036772152390276584
2004-04-01,788.6387388794924,1.5918098000227585,0.020017526087133492,0.920379694129262,1.643327445723953,0.020665377241685136,9.917388703486179,2.3476106367485046,0.029521967488121623,3.939420436771263,0.04953949357525511
2004-04-02,1856.3309110597543,3.746932169174404,0.031238442510883056,1.3882660910974363,3.8465022945554757,0.03206856579496785,15.476364083498348,5.495003277936394,0.04581223684995407,9.241935447110798,0.07705067936083712
2004-04-03,2267.7174150081896,4.577349995441325,0.03626287014895108,1.4609595901424517,4.285365894270844,0.03394970170938488,17.96540405187618,6.121951277529777,0.04849957387054984,10.699301272971102,0.08476244401950092
2004-04-04,1671.501259456865,3.373936985656811,0.03178365661928486,1.228625046545345,3.0855725035423656,0.029067163181592748,15.746121606636036,4.407960719346237,0.041524518830846784,7.781897705003048,0.07330817545013164
2004-04-05,1194.1222058933934,2.410376365925112,0.02647084384021864,1.053909530576729,2.1045614665058485,0.023112373121297308,13.113894944041075,3.006516380722641,0.033017675887567585,5.416892746647752,0.059488519727786224
2004-04-06,1189.2969563387528,2.4006716166488453,0.02565096429412557,1.0832166307675293,2.111418672355059,0.022560322119412887,12.70753298809875,3.0163123890786565,0.03222903159916127,5.416984005727501,0.05787999589328684
2004-04-07,1228.869991334561,2.480585701276433,0.026652481956644065,1.077216099437423,2.1532842623772037,0.023135814223633845,13.203508854482369,3.0761203748245767,0.03305116317661978,5.55670607610101,0.059703645133263844
2004-04-08,1058.602749074449,2.1369153547318973,0.024794845380731675,0.9974983197480786,1.7736474529312103,0.020579811108557187,12.283074958863583,2.5337820756160148,0.029399730155081696,4.6706974303479125,0.054194575535813375
2004-04-09,860.4326791241692,1.73691063735763,0.022546850405429076,0.8916159913840459,1.285648050009314,0.016689007271951616,11.169283256661137,1.8366400714418771,0.02384143895993088,3.573550708799507,0.04638828936535996
2004-04-10,688.7553800581205,1.3903749554940317,0.020061772991465315,0.8021376142812183,0.9218233579512938,0.013301024211039533,9.938077514109642,1.3168905113589913,0.019001463158627906,2.707265466853023,0.03906323615009322
2004-04-11,661.5441625049996,1.3354648433140537,0.01931988569343279,0.8000445377941674,0.9446269379793046,0.013665716889565338,9.570418618462046,1.3494670542561495,0.019522452699379054,2.6849318975702032,0.03884233839281184
2004-04-12,678.2273132994242,1.3691639561595856,0.019542219329632668,0.8109009924023414,1.0258878705803778,0.014642604112019734,9.6804088744942,1.4655541008291113,0.020918005874313906,2.834718056988697,0.04046022520394657
2004-04-13,633.7700839783835,1.2794349928959792,0.019263866283561474,0.7687073385355108,0.9602555364834299,0.014458127498135673,9.542385678108236,1.371793623547757,0.020654467854479535,2.651228616443736,0.03991833413804101
2004-04-14,555.8227340825038,1.1220940163530477,0.017876497998325455,0.7264957188237879,0.8564616222505119,0.01364460932210038,8.855019141393777,1.223516603215017,0.019492299031571972,2.345610619568065,0.03736879702989743
2004-04-15,534.7757966674241,1.0796214721286415,0.017442693168286765,0.7163812818250203,0.8809893972737539,0.014233532898212829,8.640000570481918,1.2585562818196485,0.02033361842601833,2.33817775394829,0.0377763115943051
2004-04-16,515.2773247248192,1.0402724555924867,0.01716811945794055,0.7013109669782488,0.8765139769767097,0.014465534084260712,8.503870901594995,1.2521628242524425,0.020665048691801018,2.2924352798449292,0.03783316814974157
2004-04-17,512.053342834535,1.0337799349425791,0.017016923452140433,0.7031262482297816,0.9052103754311529,0.014900555859261127,8.428846647049593,1.2931576791873614,0.02128650837037304,2.3269376141299407,0.03830343182251347
2004-04-18,1540.5925588040072,3.1103413734711447,0.027647146619151974,1.3020989814288666,3.2993677117708775,0.02932736054500214,13.693991507464363,4.713382445386968,0.04189622935000306,7.823723818858113,0.06954337596915504
2004-04-19,2347.7987166570642,4.7400758206185465,0.03761104512174207,1.458666955065603,4.460782083397306,0.03539493513735002,18.62906139282684,6.372545833424723,0.05056419305335718,11.11262165404327,0.08817523817509926
2004-04-20,1741.7058704457536,3.5164507673876804,0.03165862711413138,1.285578857000171,3.374818891931364,0.03038351449940889,15.680588281319357,4.821169845616235,0.043405020713441274,8.337620613003915,0.07506364782757266
2004-04-21,1413.2287695019597,2.8533014985092535,0.029068053749733393,1.136103682198384,2.6011403150151122,0.02649915773953831,14.39729024570844,3.715914735735875,0.03785593962791187,6.569216234245129,0.06692399337764526
2004-04-22,996.9769614046022,2.0129186738666323,0.024471974554924482,0.9520143045315148,1.6629540078843903,0.020217293771130674,12.120705693724346,2.375648582691986,0.028881848244472395,4.388567256558618,0.05335382279939688
2004-04-23,756.3996212102753,1.527210034526519,0.020992580297802273,0.8420137884683795,1.0863490388660204,0.014932634617546613,10.397246892374453,1.5519271983800291,0.021332335167923735,3.079137232906548,0.042324915465726004
2004-04-24,651.3864794461199,1.3152026736418436,0.019481472674054322,0.7813707629723579,0.8945001293089607,0.01324980565756976,9.648678605890492,1.2778573275842298,0.01892829379652823,2.5930600012260734,0.03840976647058256
2004-04-25,584.5613068825551,1.1802945128730595,0.01834688009958368,0.7445852399463793,0.8486525241969228,0.01319172963851993,9.086610241137025,1.212360748852747,0.018845328055028473,2.392655261725807,0.037192208154612154
2004-04-26,709.062368265582,1.4316999368122816,0.01940822346107877,0.8537927829274629,1.2304268841078396,0.016679752024334214,9.612098553123364,1.757752691582628,0.02382821717762031,3.1894526283949096,0.04323644063869908
2004-04-27,807.5142218342103,1.6305101600894925,0.02192021297835274,0.8609243619139475,1.4643241823662492,0.0196860459581918,10.856040127148386,2.0918916890946417,0.02812292279741686,3.722401849184134,0.050043135775769604
2004-04-28,825.5121359121438,1.6668768305445287,0.021069116781709075,0.9156793855653607,1.6110987784496398,0.02036408910845288,10.434371201001836,2.3015696834994857,0.029091555869218404,3.9684465140440146,0.05016067265092748
2004-04-29,1646.567753079802,3.3248041928021044,0.029291009928915472,1.3137658995941772,3.3671817064917757,0.029664349260276446,14.506006852525402,4.810259580702537,0.042377641800394925,8.13506377350464,0.07166865172931039
2004-04-30,2004.025439424469,4.04663950350002,0.03441325789241517,1.36099015998443,3.7737562092720123,0.0320926154999614,17.042547083876787,5.391080298960018,0.045846593571373426,9.437719802460037,0.0802598514637886
2004-05-01,1355.6263619253368,2.7373897147099626,0.02877313803590218,1.1011225570227656,2.4494372959841186,0.02574642443087628,14.249203986988169,3.49919613712017,0.03678060632982326,6.2365858518301325,0.06555374436572545
2004-05-02,830.1861630792669,1.6764014933480165,0.02259008440244013,0.8589075948650503,1.2180189122525316,0.016413222095502472,11.187042941750285,1.7400270175036165,0.023447460136432105,3.416428510851633,0.04603754453887224
2004-05-03,686.4174753879417,1.3861097133539682,0.01973173457976426,0.8130525186369133,0.9597394025138025,0.013662210843556727,9.771381951067806,1.3710562893054323,0.019517444062223898,2.7571660026594005,0.03924917864198816
2004-05-04,854.8304173278038,1.7262196309651177,0.021385830129538104,0.9342351340065848,1.482080136892875,0.0183612290564862,10.59034306330629,2.1172573384183933,0.026230327223551717,3.843476969383511,0.04761615735308982
2004-05-05,1245.465179488407,2.5150917784099462,0.026113250512124986,1.1147543096136208,2.413178055266481,0.02505511871514096,12.931195797821255,3.4473972218092586,0.03579302673591566,5.962489000219205,0.061906277248040646
2004-05-06,1131.9564778099539,2.2859013235606582,0.026308316132333955,1.0056588613209683,2.0492350113287543,0.02358453619664883,13.027626590582923,2.927478587612506,0.03369219456664119,5.213379911173164,0.06000051069897514
2004-05-07,763.8397494807723,1.5425394391279128,0.021233199796974068,0.8408278498463254,1.174905852567105,0.016172689058955598,10.51432566467491,1.6784369322387216,0.02310384151279371,3.2209763713666346,0.044337041309767775
2004-05-08,656.228041556041,1.325242390565504,0.01949345831086687,0.7868513298103464,0.9580472907192762,0.014092255918184096,9.652689999627814,1.3686389867418232,0.020131794168834424,2.693881377307327,0.03962525247970129
2004-05-09,574.868756227545,1.1609559169678343,0.01829164777301685,0.7345970109670517,0.8599860794346931,0.013549663880263364,9.057447101083925,1.2285515420495616,0.01935666268609052,2.3895074590173957,0.03764831045910737
2004-05-10,511.0838169145208,1.0321566470993742,0.017197797834741735,0.69463879063883,0.8366715991349969,0.01394062524950093,8.515680429520936,1.1952451416214243,0.019915178927858473,2.2274017887207984,0.03711297676260021
2004-05-11,459.0263125548937,0.9270385023148018,0.01630402452281179,0.6580959370060968,0.8253644979435485,0.014515862050096638,8.072993988732373,1.179092139919355,0.02073694578585234,2.106130642234157,0.03704097030866413
2004-05-12,409.9740835257537,0.8279860525344677,0.015399119717131392,0.6223194624347858,0.8148576961741686,0.015154954817659256,7.624814420254374,1.1640824231059552,0.021649935453798938,1.9920684756404228,0.03704905517093033
2004-05-13,393.89046458510404,0.7955155798318785,0.014962933242563835,0.6153443378242666,0.8250594644193066,0.01551862716486404,7.408725706811339,1.1786563777418666,0.0221694673783772,1.974171957573745,0.03713240062094103
2004-05-14,378.8018455049554,0.7650535560159083,0.01474384299666163,0.6005752048476672,0.7996666823292684,0.015410894990570913,7.300135909510895,1.1423809747560978,0.022015564272244163,1.9074345307720062,0.036759407268905794
2004-05-15,364.1309122797661,0.7354342196303324,0.01441897353432868,0.5903312128526375,0.7838604175931649,0.01536842087870874,7.139175533376768,1.1198005965616642,0.021954886969583916,1.8552348161919965,0.0363738605039126
2004-05-16,353.24449812389435,0.7134577367134753,0.014203794735149563,0.5813666592215824,0.7731200738169135,0.015391575799155125,7.032529166738454,1.1044572483098765,0.021987965427364465,1.8179149850233518,0.036191760162514026
2004-05-17,343.28412251127753,0.6933510862673203,0.013997550324313665,0.573307232041773,0.7646944027111202,0.015437847573434154,6.9303082890633165,1.0924205753016003,0.02205406796204879,1.7857716615689205,0.036051618286362455
2004-05-18,332.5820423739764,0.6717455163430635,0.0137876500057089,0.563898297524416,0.7524297395870064,0.015443702489878868,6.826282702115402,1.0748996279814378,0.022062432128398386,1.7466451443245012,0.035850082134107286
2004-05-19,323.01886400372564,0.6524397780608786,0.013577422554181137,0.5561722992721932,0.7442754396516323,0.015488543894247716,6.722097206557694,1.0632506280737606,0.02212649127749674,1.7156904061346392,0.035703913831677876
2004-05-20,466.89281960954924,0.9430546498886754,0.015694171213812006,0.6954801387731482,1.1602507404375428,0.019308715325806927,7.769958878116657,1.6575010577679183,0.02758387903686704,2.6005557076565937,0.043278050250679045
2004-05-21,398.4528986104316,0.8048266153097452,0.015702298186982572,0.5932330892877631,0.9052458671085353,0.017661494124919384,7.773880868788872,1.293208381583622,0.02523070589274198,2.098034996893367,0.040933004079724555
2004-05-22,308.4877138130187,0.6231173653837279,0.013471518491113537,0.5353521615659388,0.7336578184189869,0.0158613536005291,6.669366273164607,1.0480825977414099,0.022659076572184432,1.6711999631251377,0.036130595063297966
2004-05-23,289.1794144635462,0.5841252510151741,0.012834481280547223,0.526761368535689,0.7149726212896528,0.015709477904093296,6.353890326093052,1.0213894589852184,0.022442111291561852,1.6055147100003926,0.03527659257210908
2004-05-24,287.1635541299813,0.5800621647956187,0.01277509870166039,0.5255288134908633,0.725321268337878,0.015974237514171825,6.324395849577081,1.036173240482683,0.022820339305959753,1.6162354052783017,0.03559543800762014
2004-05-25,272.3852046599463,0.5502186399337083,0.01253483554559447,0.5080458592667569,0.6898499542042039,0.01571585384335108,6.2053581933845114,0.9854999345774342,0.02245121977621583,1.5357185745111426,0.0349860553218103
2004-05-26,260.2678497831735,0.5257492109766778,0.012196109183990668,0.498934555310285,0.6741455829625722,0.015638545839075535,6.037584168963928,0.9630651185179603,0.022340779770107906,1.488814329494638,0.03453688895409857
2004-05-27,252.1666380825883,0.5093924876979883,0.012007581569012968,0.49100198499655223,0.6640402238970432,0.01565299321468747,5.944162014331978,0.9486288912814903,0.022361418878124956,1.4580213789794785,0.03436900044713792
2004-05-28,250.12135638280054,0.5052686283012667,0.011915757546224912,0.49078008750835983,0.6755322274402311,0.015931086526986098,5.8986156528469635,0.9650460392003302,0.02275869503855157,1.4703146675015968,0.034674452584776486
2004-05-29,244.1058615568195,0.4931239296141138,0.011820627732595564,0.4828383921874007,0.6666856064617268,0.015981058503550315,5.851438844319852,0.9524080092310383,0.022830083576500453,1.4455319388451522,0.03465071130909601
2004-05-30,233.40258935751683,0.47150919449027257,0.01157206102218682,0.47159121725804115,0.6462227365631402,0.015859985401806397,5.728306124976994,0.9231753379473432,0.02265712200258057,1.3946845324376158,0.03422918302476739
2004-05-31,224.33031045669773,0.4531885710332488,0.011329372761867663,0.4629769185737267,0.6325144490978074,0.015812384577038874,5.608088710522591,0.9035920701397249,0.02258912082434125,1.3567806411729737,0.03391849358620891
2004-06-01,237.52986977630917,0.4798616676694452,0.011506125399106889,0.4826954595285373,0.6999751318577322,0.01678400711298215,5.695492371694118,0.9999644740824747,0.023977153018545933,1.4798261417519198,0.03548327841765282
2004-06-02,237.40750709306462,0.47962139915787744,0.011668223842209885,0.4757513805385624,0.6975743866125581,0.01697058159598153,5.775647082150029,0.9965348380179402,0.02424368799425933,1.4761562371758177,0.03591191183646922
2004-06-03,215.30136090325612,0.43496812471173685,0.011202944563609289,0.4493776851871521,0.6328378695892155,0.01629923474383107,5.545255097180529,0.9040540994131651,0.023284621062615814,1.339022224124902,0.034487565626225104
2004-06-04,199.15558619353712,0.40235523789924044,0.01070226400230263,0.4351312326565256,0.5991656500041931,0.01593723248375348,5.297347866291055,0.8559509285774187,0.022767474976790686,1.2583061664766593,0.03346973897909332
2004-06-05,195.1318408031799,0.39423205846218784,0.010532857188371714,0.4332035425348288,0.6032446431479156,0.016117130861230244,5.213416230281306,0.8617780616398795,0.023024472658900348,1.2560101201020673,0.03355732984727206
2004-06-06,187.40592394637736,0.3786287529172433,0.01038433222657417,0.42200857380351675,0.5833631488427943,0.015999410239317117,5.139824592013036,0.8333759269182776,0.0228563003418816,1.2120046798355208,0.03324063256845577
2004-06-07,181.2471497323801,0.3661912294353006,0.010169570692514658,0.41676532303178293,0.5776042720707592,0.016040765056498665,5.033451251311004,0.8251489601010845,0.022915378652140952,1.191340189536385,0.03308494934465561
2004-06-08,181.75551621023857,0.36722407534198304,0.010149782014614118,0.4187556583650491,0.5940714689267901,0.016419663947940446,5.023578227461274,0.8486735270382716,0.023456662782772066,1.2158976023802546,0.033606444797386184
2004-06-09,174.9374099431369,0.3534537667403653,0.010038845032630351,0.40750704535396143,0.5741546220249113,0.016307222662901934,4.968597633078557,0.8202208886070163,0.02329603237557419,1.1736746553473816,0.03333487740820454
2004-06-10,176.92857981307773,0.35748232237555994,0.009977137055379793,0.4147008161139527,0.6031224080574833,0.016832818155518403,4.937980368031377,0.8616034400821191,0.024046883079312006,1.219085762457679,0.0340240201346918
2004-06-11,194.06692452716044,0.39211616773504904,0.010384243841309364,0.4370449731692029,0.6800963744324663,0.018010699809932647,5.139390904138137,0.9715662491892376,0.02572957115704664,1.3636824169242867,0.036113814998356
2004-06-12,169.6057167894971,0.34269665144654066,0.010118115752025524,0.3920093944354592,0.5674152121826543,0.016752929367971424,5.00760736189771,0.8105931602609348,0.02393275623995918,1.1532898117074755,0.034050871991984706
2004-06-13,150.08402727787157,0.30325680394270843,0.00928407481523548,0.3780577798166786,0.5277615642703376,0.016157190155631898,4.594757049813277,0.753945091814768,0.023081700222331285,1.0572018957574765,0.03236577503756677
2004-06-14,152.37876108196798,0.307898199270358,0.009263352133925071,0.38470269877554114,0.5553777399377191,0.01670896284738954,4.584431234019882,0.7933967713395987,0.023869946924842206,1.1012949706099566,0.033133299058767274
2004-06-15,149.21495739933366,0.30150983601301024,0.009265614638398464,0.3766287841946869,0.5447569464955613,0.01674077371592189,4.585483219484789,0.7782242092793733,0.02391539102274556,1.0797340452923836,0.03318100566114403
2004-06-16,175.9911648745329,0.35562067242793804,0.009744013797614156,0.4224111429276501,0.6834926350889104,0.018727712372299043,4.822161566389622,0.976418050127015,0.02675387481757006,1.332038722554953,0.036497888615184215
2004-06-17,161.25066111925307,0.32583941828415564,0.009871215799031644,0.3820491457439298,0.5886980301503844,0.017834445343293377,4.885044547484908,0.8409971859291205,0.025477779061847682,1.1668366042132763,0.03534899486087933
2004-06-18,154.89647111658996,0.31300441793302364,0.009305223200567909,0.38932288249121794,0.6092391393912429,0.018111904656152453,4.604875056519514,0.8703416277017756,0.02587414950878922,1.1833460456347993,0.03517937270935713
2004-06-19,147.27910587364732,0.29761611127473814,0.009275306760642654,0.37137649529265,0.571091546533064,0.01779826118893858,4.590003143849284,0.8158450664758059,0.025426087412769402,1.113461177750544,0.03470139417341206
2004-06-20,132.11843487283878,0.26698399514292903,0.008769925124808911,0.35235107397154936,0.5221826722173825,0.017152724583237494,4.339843595573767,0.7459752460248321,0.02450389226176785,1.0129592411677613,0.03327381738657676
2004-06-21,137.6667260150048,0.27820028058570534,0.008739865582359181,0.3684164961788787,0.5735293885889595,0.018017845824048067,4.324901031736899,0.8193276979842279,0.0257397797486401,1.0975279785699332,0.03447964533099928
2004-06-22,132.01056336725782,0.26677405035984214,0.008787465871937749,0.3513712217951079,0.5386734109103813,0.017743758090827517,4.34839265198515,0.7695334441576878,0.025348225844039313,1.03630749451753,0.034135691715977065
2004-06-23,380.6630950231114,0.7692784647499884,0.013579707162527412,0.6556611146354957,1.432829573499113,0.02529305955321466,6.719664718126736,2.0468993907130186,0.03613294221887809,2.816177855463007,0.0497126493814055
2004-06-24,256.4622570338295,0.5182873589708692,0.014180408874121479,0.4230270324103542,0.803204694614499,0.02197578386218686,7.016840373535225,1.1474352780207129,0.03139397694598123,1.665722636991582,0.0455743858201027
2004-06-25,122.7905022426478,0.24815253281515087,0.008842547163239747,0.3248086488485695,0.493755621610367,0.017594248673080078,4.375457284118508,0.7053651737290958,0.02513464096154297,0.9535177065442466,0.03397718812478272
2004-06-26,108.84413599501084,0.2199712957058006,0.007830119843553467,0.32515007707897087,0.48939854120770554,0.017420678532719683,3.8744265535846116,0.6991407731538651,0.024886683618170976,0.9191120688596657,0.03271680346172444
2004-06-27,120.43189056804584,0.24339361939059415,0.008162294818412574,0.3451303637831104,0.5567231676782776,0.018669916812972323,4.038727879623202,0.7953188109689681,0.026671309732817606,1.0387124303595623,0.03483360455123018
2004-06-28,105.63779021586267,0.2134976497931493,0.008024740264354329,0.30792742592840233,0.46399492780186624,0.017440186265260206,3.9706096502887607,0.662849896859809,0.02491455180751458,0.8763475466529583,0.03293929207186891
2004-06-29,99.71728446722203,0.20153527417288505,0.0074715565249126575,0.31219521448284393,0.47493182617093493,0.017607240217770034,3.696838334953296,0.6784740373870499,0.025153200311100053,0.880009311559935,0.03262475683601271
2004-06-30,99.65195397189157,0.20140620423589561,0.007566982995388295,0.30806073282112995,0.47405088586662364,0.017810449315156608,3.743999069062081,0.6772155512380338,0.0254434990216523,0.8786217554739294,0.03301048201704059
2004-07-01,90.95197083664637,0.18382548218458755,0.007297722171234563,0.29154436104640996,0.4340538666152236,0.017231585568355915,3.610719287686022,0.6200769523074623,0.024616550811937025,0.8039024344920498,0.031914272983171586
2004-07-02,85.89033876321596,0.17359786479619355,0.00700909869343616,0.28666090094206215,0.4243747875138464,0.01713433959676081,3.467864434339785,0.606249696448352,0.024477627995372588,0.7798475612445456,0.031486726688808746
2004-07-03,121.51833210843012,0.24561177371188528,0.007909128794037051,0.35942376669214254,0.639513353260329,0.020593448758591405,3.913102881662197,0.9135905046576128,0.029419212512273436,1.1592022783694982,0.037328341306310485
2004-07-04,113.53920614860623,0.22948743128137172,0.008414455159512555,0.3156597163295653,0.5376596324570618,0.019713989751547607,4.163062672537962,0.7680851892243741,0.02816284250221087,0.9975726205057458,0.03657729766172343
2004-07-05,136.17987455469012,0.2752537854565577,0.008418914963004119,0.37841072347720933,0.7151613930134503,0.02187393333253199,4.165198969550413,1.0216591328763576,0.031248476189331416,1.2969129183329153,0.039667391152335536
2004-07-06,139.29680841819808,0.2815577739215628,0.009097125388438118,0.35821981036353134,0.6778748858886442,0.021902122426639584,4.500676769601862,0.9683926941266346,0.031288746323770836,1.2499504680481974,0.040385871712208955
2004-07-07,119.62988053131994,0.24180902345346797,0.008376752255035752,0.3341050879889021,0.6104406114873658,0.02114689392402349,4.144220332221105,0.8720580164105227,0.0302098484628907,1.1138670398639907,0.03858660071792645
2004-07-08,86.39030504895747,0.17462397587231673,0.007484698089620624,0.270032379082636,0.43142884133602893,0.01849181710829967,3.7028440563881455,0.6163269161943271,0.026416881583285243,0.7909508920666438,0.033901579672905864
2004-07-09,87.95365066813545,0.1777870101987722,0.006843761772342956,0.30067090204168423,0.5115876295433651,0.019693136514068062,3.3857019784944273,0.7308394707762359,0.028133052162954378,0.9086264809750081,0.034976813935297335
2004-07-10,88.59697672603143,0.17908995373566114,0.0072412507406582624,0.28624894575472387,0.48671342318466637,0.01967957365898011,3.582294316097694,0.6953048902638091,0.02811367665568587,0.8743948439994703,0.03535492739634413
2004-07-11,71.04877835812576,0.14362010116450108,0.006588720098494597,0.2522902270174971,0.392967671342222,0.018027796758515895,3.259435901702161,0.5613823876317457,0.025753995369308422,0.7050024887962468,0.03234271546780302
2004-07-12,62.03957220530541,0.12541056646970924,0.005990970558142095,0.24228314459320996,0.36423251064570505,0.017399700113177038,2.9636836909710285,0.520332158065293,0.02485671444739577,0.6457427245350023,0.03084768500553787
2004-07-13,59.974772918381234,0.12123847585155234,0.005854085736717824,0.2396997863103461,0.36037102702525886,0.017400770460179862,2.8959244186992192,0.514815752893227,0.024858243514542664,0.6360542287447793,0.030712329251260488
2004-07-14,59.601953917732196,0.1204866506521841,0.005825063751815157,0.23940019869326154,0.3597124260389018,0.017390705133346774,2.88152404788626,0.5138748943412883,0.02484386447620968,0.6343615449934724,0.030668928228024837
2004-07-15,65.7360881321548,0.1328890266051757,0.005999736246488529,0.2563558420522386,0.4074240509241101,0.0183945725878721,2.967883810607223,0.5820343584630144,0.026277960839817285,0.7149233850681902,0.03227769708630581
2004-07-16,66.0088969217995,0.13344245991776074,0.006193743973376539,0.24936014829699996,0.392133858587602,0.01820092888635805,3.0638089836667746,0.5601912265537172,0.026001326980511504,0.6936336864714779,0.032195070953888044
2004-07-17,63.46635694632944,0.12830445475629537,0.006017371604366137,0.24678636471537596,0.38248958553210544,0.01793844161777816,2.9765190526455196,0.5464136936172935,0.025626345168254516,0.6747181483735889,0.03164371677262065
2004-07-18,61.154138558656555,0.12363187956038292,0.005942429155027525,0.24079791186711227,0.3653961538726503,0.01756295193140098,2.939404765290038,0.5219945055323576,0.025089931330572832,0.6456263850927405,0.031032360485600357
2004-07-19,77.21977072892595,0.15611341712362264,0.006351718372615414,0.2844692015212299,0.4876208762400436,0.01983961747523652,3.1418070624875916,0.6966012517714909,0.028342310678909317,0.8527146688951135,0.03469402905152473
2004-07-20,72.17820161894913,0.14592295856718696,0.006701351239618154,0.2520272510982277,0.40625461284246395,0.01865679588807779,3.31470445529549,0.5803637326320914,0.02665256555439684,0.7262866911992784,0.033353916794015
2004-07-21,60.91370600969122,0.12315137231497651,0.0059396970269203755,0.23997235869729838,0.36304436195070044,0.0175099430626202,2.9379206393176744,0.5186348027867149,0.025014204375171715,0.6417861751016914,0.03095390140209209
2004-07-22,60.0740471348777,0.12145563625125816,0.005840365262262622,0.24069325591140517,0.36339839064878754,0.01747452323016697,2.888745132619835,0.5191405580696965,0.024963604614524248,0.6405961943209546,0.03080396987678687
2004-07-23,60.35800602917102,0.1220316323960193,0.005859711575039572,0.24103629242573543,0.36464253176829287,0.01750939508225492,2.89826907688714,0.5209179025261327,0.025013421546078458,0.642949534922152,0.03087313312111803
2004-07-24,64.21007313722025,0.12982170311952895,0.005970953460202058,0.2516459085375344,0.39453588357031044,0.01814608299360423,2.953245483349684,0.5636226908147293,0.025922975705148902,0.6934443939342583,0.03189392916535096
2004-07-25,62.57868634968152,0.12652516661942587,0.006046038370400878,0.2422101152809427,0.3707853595745172,0.017718075945424034,2.990338989060586,0.5296933708207389,0.02531153706489148,0.6562185374401648,0.031357575435292356
2004-07-26,59.746569866409644,0.12080087209002535,0.005841033527667275,0.23936829589490155,0.3599086976539766,0.017402513189882226,2.8889006487696522,0.5141552823628237,0.02486073312840318,0.634956154452849,0.030701766656070453
2004-07-27,73.47922384344479,0.14856913768518087,0.006233865706564586,0.2758401103955154,0.46284340830562526,0.019420612487230614,3.083141093766494,0.6612048690080361,0.027743732124615162,0.809774006693217,0.03397759783117975
2004-07-28,69.40822567068817,0.1403398324953393,0.006524091528567311,0.24897008414609134,0.39572490644654473,0.018396384432600305,3.2266364371360017,0.5653212949236354,0.026280549189429007,0.7056611274189747,0.03280464071799632
2004-07-29,69.31483459792656,0.1401532398663501,0.00615641025399696,0.2634886099219028,0.42895092763360937,0.018842217931339448,3.0447427321673612,0.6127870394765849,0.026917454187627785,0.752940279342935,0.033073864441624745
2004-07-30,65.67274195167879,0.1327908957129786,0.006274325342343354,0.24495568519095026,0.38151736184649304,0.01802656755287984,3.1030150592494343,0.5450248026378472,0.025752239361256916,0.6778156983508259,0.03202656470360027
2004-07-31,62.29423623997525,0.12596147562957372,0.0059278081257014776,0.24594039120384664,0.378704240494701,0.017822005202954547,2.931596965834485,0.5410060578495729,0.02546000743279221,0.6669675334791466,0.03138781555849369
2004-08-01,61.19967767582947,0.12375007879220401,0.005944949542863619,0.24092594365797632,0.36575804711199406,0.017571004044598007,2.940030417542196,0.5225114958742773,0.025101434349425727,0.6462615746664813,0.031046383892289347
2004-08-02,59.6485534822944,0.1206154294009863,0.005832236979710621,0.23936131525858084,0.35973727654764676,0.017394731815666156,2.8842454164727243,0.5139103950680668,0.024849616879523084,0.634525824469053,0.030681853859233707
2004-08-03,131.59663077826502,0.26610648602153003,0.007932448661951922,0.38827054697217195,0.7890019835971482,0.023519598573618506,3.9228037367340662,1.127145690853069,0.03359942653374073,1.3932521768745991,0.04153187519569265
2004-08-04,106.37475853612956,0.21510673471235894,0.008869955441204792,0.2806847562984912,0.5058951676009158,0.020860655992669567,4.386377625721903,0.7227073822870226,0.029800937132385096,0.9378141169993816,0.03867089257358989
2004-08-05,89.7739049833294,0.18154028808261047,0.006925270692135959,0.3034048537745779,0.547464619556074,0.020884293645429163,3.4246315221045536,0.7820923136515342,0.02983470520775595,0.9636326017341447,0.03675997589989191
2004-08-06,76.25882643446161,0.15421223582259402,0.007037522089362529,0.25362106404428475,0.4145806062081073,0.01891951153193381,3.480094641509357,0.5922580088687248,0.0270278736170483,0.7464702446913188,0.03406539570641083
2004-08-07,60.73120699198531,0.12281387633332726,0.00593527737882541,0.23949291857483637,0.3615705006604321,0.01747376825397122,2.934982347352871,0.5165292866577602,0.024962526077101744,0.6393431629910875,0.030897803455927155
2004-08-08,59.60439327079655,0.12053699553376662,0.005827703260951445,0.239391755637603,0.35971388398688836,0.01739138897097075,2.8817436131792973,0.5138769771241263,0.02484484138710107,0.6344139726578929,0.030672544648052514
2004-08-09,83.9145438409225,0.16970185229868173,0.006551264223350363,0.29981111157321694,0.5316069682465367,0.020522449606664325,3.239483490823816,0.7594385260664811,0.02931778515237761,0.9291403783651628,0.03586904937572797
2004-08-10,87.49146172847436,0.1769379263811813,0.007234444851902023,0.2830753027180022,0.4976589779794702,0.020347737225597542,3.5772554128579612,0.7109413971135289,0.02906819603656792,0.8878793234947102,0.03630264088846994
2004-08-11,211.1690375379705,0.4270644543042102,0.010058861019061406,0.4913951608590942,1.102394110875447,0.025965235546456883,4.973769131837733,1.574848729822067,0.03709319363779555,2.0019131841262774,0.047152054656856957
2004-08-12,135.8845048457972,0.27481295310276416,0.011012545927158033,0.2888256264051078,0.5415690551429587,0.02170223064507153,5.445283177186667,0.7736700787756554,0.031003186635816474,1.0484830318784195,0.04201573256297451
2004-08-13,64.25145934846222,0.12994431862331862,0.006266077682538442,0.24002019212792391,0.3660093655400507,0.01764942970426262,3.098285787014603,0.5228705222000725,0.025213471006089463,0.6528148408233911,0.03147954868862791
2004-08-14,59.93436961522181,0.12121522901862253,0.005851830568866572,0.23974618250766025,0.3609148415669714,0.017423656414614096,2.893413468585042,0.5155926308099592,0.024890937735162995,0.6368078598285818,0.030742768304029566
2004-08-15,73.33597705345763,0.14832192485146417,0.006234682227540796,0.2753450588799654,0.46160316675748175,0.019403396111812344,3.0826630198631646,0.6594330953678311,0.027719137302589063,0.8077550202192953,0.03395381953012986
2004-08-16,82.89109474362982,0.16764958696327173,0.006846857491209296,0.2833984408894302,0.4934046672517751,0.020150788936393563,3.3852962198129206,0.7048638103596788,0.02878684133770509,0.8725133973229505,0.03563369882891439
2004-08-17,162.36752747500228,0.32839857466668954,0.008928759171588328,0.4256929049119454,0.9086300860206518,0.024704550628370632,4.41457625564292,1.2980429800295026,0.03529221518338662,1.6264415546961921,0.04422097435497495
2004-08-18,678.1750627480207,1.3716741110252202,0.01773558833980651,0.8951413092320795,2.448797006639132,0.03166266337493304,8.768725485553905,3.498281438055903,0.045232376249904345,4.869955549081123,0.06296796458971085
2004-08-19,1484.4955026414596,3.002562468299882,0.03001178449377653,1.1579411556598356,4.257001876640229,0.042550396289896174,14.838112304948142,6.081431252343185,0.060786280414137396,9.083993720643067,0.09079806490791392
2004-08-20,839.2856149429208,1.6975702691645211,0.023077405717845997,0.8513870355046962,2.710328557677771,0.036845221014018874,11.409562832837608,3.8718979395396733,0.052636030020026967,5.569468208704194,0.07571343573787297
2004-08-21,458.0131720258993,0.9264062988833951,0.017176271860841832,0.6242504318070166,1.4839216759137448,0.02751302766012244,8.491909832700266,2.119888108448207,0.03930432522874634,3.046294407331602,0.05648059708958818
2004-08-22,279.59688957622507,0.565538405190765,0.01301903424145482,0.502770272511411,0.7911880239139156,0.01821362418576988,6.4364885669776575,1.130268605591308,0.0260194631225284,1.695807010782073,0.039038497363983224
2004-08-23,484.2099498645074,0.9794244645429753,0.015518891755772372,0.7304601050757537,1.7050585155353004,0.027016497440869477,7.672262712491739,2.4357978793361434,0.038594996344099256,3.415222343879119,0.054113888099871624
2004-08-24,1029.8510784948294,2.0831347668639806,0.0234114961305598,1.029851145074436,3.1619309093413626,0.035535642929421796,11.574073325813217,4.517044156201947,0.05076520418488828,6.600178923065927,0.07417670031544808
2004-08-25,1064.6536648073165,2.153556033012965,0.025386695365525902,0.9818299187774107,2.9882406359698352,0.035226181042578374,12.550422577322072,4.268915194242622,0.05032311577511197,6.422471227255587,0.07570981114063788
2004-08-26,710.1757187884668,1.436544930968413,0.020781319245209172,0.800078053061866,2.0039843137137976,0.028990000164912027,10.273530617932014,2.862834733876854,0.04141428594987433,4.299379664845267,0.0621956051950835
2004-08-27,445.54449851398914,0.9012602477044045,0.016946461198481574,0.6155416605729921,1.0935349268744667,0.020561815806992654,8.377605220574015,1.5621927526778099,0.02937402258141808,2.4634530003822146,0.046320483779899654
2004-08-28,272.09689663220325,0.5504135329220108,0.012824492977000604,0.49674688994231897,0.5292664196749078,0.012331770707107333,6.339787325719306,0.7560948852498685,0.01761681529586762,1.3065084181718793,0.03044130827286822
2004-08-29,293.37549080567794,0.5934667157057348,0.012578406830386798,0.5460809004429706,0.6973209288796747,0.01477957584253281,6.218034103277276,0.9961727555423924,0.021113679775046874,1.5896394712481272,0.03369208660543367
2004-08-30,327.440850661616,0.6623867061648324,0.013813924369466681,0.5549844199074395,0.839075591262456,0.0174987309529137,6.828704598711867,1.198679416089223,0.024998187075591004,1.8610661222540554,0.03881211144505768
2004-08-31,248.41071348810593,0.5025221410887856,0.012316857519230754,0.47221691699711704,0.5597615393746477,0.013719799709292197,6.088566282182734,0.7996593419637825,0.019599713870417427,1.3021814830525682,0.03191657138964818
2004-09-01,200.31062015629834,0.4052242660843073,0.010852236522032455,0.43217779696840714,0.48743297724737367,0.013053852891984578,5.364481867823005,0.6963328246391053,0.018648361274263683,1.1015570907234125,0.029500597796296137
2004-09-02,175.9286997382475,0.3559056009669157,0.010151106667051105,0.4057959318208584,0.48268305352053625,0.013767041455243557,5.01782211908648,0.6895472193150518,0.01966720207891937,1.0454528202819675,0.029818308745970475
2004-09-03,155.73158953782337,0.31505103876387136,0.009550113165307664,0.38181998439696574,0.4802275620232782,0.014557093924897223,4.720677352262735,0.6860393743189689,0.020795848464138893,1.0010904130828402,0.030345961629446555
2004-09-04,136.51513056842649,0.27617979431513257,0.00897325421234136,0.35622811095327567,0.4736518540228638,0.015389244911393861,4.435461954989021,0.6766455057469484,0.02198463558770552,0.952825300062081,0.03095788980004688
2004-09-05,130.7177707735341,0.2644553351280572,0.008587540181728246,0.35642635414606294,0.5267460573443935,0.017104789853536206,4.244739885622262,0.7524943676348479,0.024435414076480297,1.016949702762905,0.033022954258208545
2004-09-06,119.76334103096518,0.242296915759146,0.00843809962100262,0.3323452645588493,0.48084756497328635,0.01674573381608537,4.170812490110075,0.6869250928189805,0.023922476880121963,0.9292220085781265,0.03236057650112458
2004-09-07,108.98342504416014,0.22049104588502944,0.007920175492866964,0.32221251915967647,0.46080031741958666,0.016552233976135918,3.914752405018488,0.6582861677422667,0.02364604853733703,0.8787772136272961,0.031566224030203996
2004-09-08,105.36894569748137,0.21318164180546328,0.007778267092006884,0.31721462946736445,0.454578506095743,0.016586010900154137,3.844551509674956,0.6493978658510615,0.023694301285934482,0.8625795076565248,0.031472568377941365
2004-09-09,101.95159170764921,0.20627075940113876,0.007653166745492068,0.31194839051828227,0.4474548235436869,0.01660170537790564,3.782661844908388,0.6392211764909813,0.02371672196843663,0.84549193589212,0.0313698887139287
2004-09-10,100.01399114048795,0.20235367862433018,0.007558609208566936,0.30985283151097265,0.44908109815469943,0.0167747309907186,3.735868206396569,0.6415444259352849,0.023963901415312284,0.8438981045596151,0.03152251062387922
2004-09-11,101.27396684907156,0.20490601206612824,0.007575452409253757,0.31306346258336615,0.4665209539261721,0.017247455302808967,3.7441366821091173,0.6664585056088174,0.024639221861155667,0.8713645176749456,0.03221467427040942
2004-09-12,104.52463363769735,0.2114862195947753,0.007685738511811625,0.31848041245145847,0.49133038392969014,0.01785571117128665,3.7985879350509606,0.7019005484709859,0.02550815881612379,0.9133867680657612,0.033193897327935415
2004-09-13,101.54257432712991,0.20545561861204892,0.007665594468258005,0.3102118901015845,0.47748562583209286,0.017815094066434792,3.788575855520926,0.6821223226172756,0.025450134380621135,0.8875779412293245,0.03311572884887914
2004-09-14,103.42242488566926,0.20926241649459598,0.007621399339945768,0.3177918649051434,0.5051788321866199,0.018398763058731598,3.7666754210476467,0.7216840459808855,0.026283947226759426,0.9309464624754815,0.03390534656670519
2004-09-15,96.65683110459081,0.19557592351891173,0.007554343691468399,0.2996435320343936,0.4638675180363874,0.017917413327292495,3.7334806307162114,0.6626678829091249,0.025596304753274995,0.8582438064280367,0.03315064844474339
2004-09-16,88.4319648083131,0.17893639454534194,0.007150627085676252,0.28962817669013846,0.4387302435788913,0.017532466612015057,3.533903789693599,0.6267574908269876,0.025046380874307224,0.8056938853723296,0.032197007959983474
2004-09-17,86.33087840903015,0.17468761283027917,0.0070204956708887324,0.2879921113126868,0.440124059734627,0.017688083350380194,3.469539415616554,0.6287486567637529,0.025268690500543138,0.803436269594032,0.03228918617143187
2004-09-18,80.29390938028715,0.16247444561467886,0.006864132595060411,0.273959053477734,0.4080612665711767,0.01723955191880213,3.392213701526624,0.5829446665302525,0.024627931312574472,0.7454191121449313,0.031492063907634885
2004-09-19,76.89474784696992,0.1555986123233136,0.006622800890841002,0.27192571459361453,0.40626576946299686,0.017292039175304405,3.272899397609882,0.5803796706614242,0.02470291310757772,0.7359782829847378,0.03132571399841872
2004-09-20,77.0399887699135,0.15589486660104276,0.006624904219005673,0.27235695402690324,0.41502594082424044,0.017636931647016258,3.273889370200313,0.5928942011774864,0.025195616638594657,0.7487890677785292,0.03182052085760033
2004-09-21,72.95188236627372,0.14762453283549695,0.006522630380434939,0.26195218470660736,0.39315715727614065,0.01737122393601348,3.2233000510993364,0.5616530818230581,0.024816034194304972,0.709277614658555,0.03133866457473991
2004-09-22,69.82720497565307,0.14130359151179062,0.006322630407683581,0.2586673788653971,0.38839758782416306,0.01737885338068778,3.124418882345107,0.5548536968916615,0.024826933400982545,0.6961572884034521,0.031149563808666125
2004-09-23,81.90296661434448,0.16574300550152996,0.006640908816192405,0.2888643521586933,0.4810502485694301,0.019274483572260234,3.28164758093814,0.6872146408134716,0.027534976531800336,0.8529576463150016,0.03417588534799274
2004-09-24,78.44918970547688,0.15875596928195718,0.006871321333511019,0.2674090264429422,0.4344931700900374,0.018805857835821338,3.395460298330716,0.6207045287000534,0.026865511194030484,0.7794604979820106,0.033736832527541505
2004-09-25,65.87528791721881,0.133312413952947,0.006256659464711058,0.24661207195112883,0.3764782155022904,0.017668992109851928,3.0916793974138512,0.5378260221461292,0.02524141729978847,0.6711384360990762,0.031498076764499526
2004-09-26,60.62449176543883,0.12268818195388892,0.0059141827631814525,0.24010115392239212,0.3606814772967771,0.017386647532434206,2.922403107746347,0.5152592532811101,0.024838067903477437,0.637947435234999,0.03075225066665889
2004-09-27,77.0581587555373,0.15594823130704788,0.006349918743797488,0.2842487366679559,0.4871971597433296,0.019837752250539655,3.1376633293191762,0.6959959424904709,0.02833964607219951,0.8519441737975189,0.034689564815997
2004-09-28,79.990673512191,0.16188522009071646,0.006880394858964793,0.2723203489384684,0.46400214825204056,0.0197208737993064,3.3997385214659994,0.6628602117886294,0.028172676856152,0.8247454318793459,0.03505307171511679
2004-09-29,75.17288663038124,0.15213724934637493,0.00655243116316439,0.2687319789423699,0.4496666363815961,0.019366786858055457,3.237636851580625,0.6423809091165659,0.027666838368650654,0.7945181584629408,0.03421926953181505
2004-09-30,76.42479887033495,0.1557957882483885,0.006850461686690956,0.2632219660638115,0.4339215984225275,0.0190798693497542,3.360457702101631,0.6198879977464679,0.027256956213934574,0.7756837859948563,0.03410741790062553
2004-10-01,77.7580287166824,0.1593731130145214,0.007027648901747989,0.2624770020862941,0.43028298885049476,0.018973575384453326,3.4287849109347004,0.6146899840721354,0.027105107692076184,0.7740630970866568,0.03413275659382417
2004-10-02,72.70967818286371,0.14947851786330751,0.007030647786923054,0.2460762493963432,0.383973895998487,0.018060021337692512,3.4198635717789756,0.5485341371406958,0.025800030482417878,0.6980126550040033,0.032830678269340934
2004-10-03,134.56251924144792,0.2776184437422444,0.008810820316496291,0.3646852752388956,0.7220029070250542,0.02291432008635573,4.27063188738372,1.031432724321506,0.032734742980508186,1.3090511680637504,0.04154556329700448
2004-10-04,124.39488171933324,0.2572267036024303,0.010038142230091108,0.2965848513682002,0.5482567638847112,0.021395443386742576,4.854447450075046,0.7832239484067304,0.030564919123917966,1.0404506520091608,0.040603061354009075
2004-10-05,83.95396760885279,0.17407800210178226,0.008031559246582337,0.2508593448837725,0.40209069359643373,0.01855154120065627,3.8734432650594632,0.574415276566334,0.026502201715223245,0.7484932786681162,0.03453376096180558
2004-10-06,86.18908665957167,0.17921903974198142,0.007759065464891605,0.26733818020274897,0.4409211989727144,0.01908913501943287,3.731449329901642,0.6298874271038778,0.0272701928849041,0.8091064668458592,0.03502925834979571
2004-10-07,96.51364266013388,0.20119015237103663,0.008417569859097468,0.2766344402832552,0.4692931156234963,0.01963469652266625,4.038022337939247,0.6704187366049947,0.02804956646095179,0.8716088889760314,0.036467136320049255
2004-10-08,89.8409962697008,0.18771278529512547,0.008511316742952814,0.2552603489296074,0.39405749161448805,0.01786744637980435,4.073591335569631,0.562939273734983,0.0255249233997205,0.7506520590301085,0.03403624014267331
2004-10-09,80.67240292548206,0.16895029338536938,0.008004207453879267,0.24430191517975955,0.36757670510446444,0.017414353913896896,3.821944525101444,0.5251095787206636,0.02487764844842414,0.6940598721060329,0.03288185590230341
2004-10-10,81.36739800423437,0.17079087492841932,0.008048773672152156,0.24559595264018466,0.3765595016595159,0.01774592585362721,3.834559493313023,0.5379421452278799,0.02535132264803887,0.7087330201562991,0.03340009632019103
2004-10-11,82.87450165914146,0.17432257818409624,0.008243965650428346,0.2447393060864423,0.37611177214934427,0.017786867097883505,3.9192544769089466,0.5373025316419204,0.02540981013983358,0.7116251098260167,0.03365377579026192
2004-10-12,162.10826336290665,0.3418138826662354,0.0106839864399398,0.3702905483609136,0.6670189574138254,0.020848835748285555,5.066975261688423,0.9528842248768936,0.029784051068979366,1.294698107543129,0.04046803750891917
2004-10-13,368.3464015330973,0.7782168548255943,0.01658547230575252,0.5430740444045319,1.2552064061611834,0.026751143923829573,7.850252797364447,1.7931520088016908,0.038215919891185106,2.571368863627285,0.05480139219693762
2004-10-14,1547.1463154992275,3.2754601600454967,0.03437387378741803,1.1028846720476864,3.785439641268153,0.03972578450077472,16.23631782439405,5.407770916097362,0.05675112071539246,8.683231076142858,0.0911249945028105
2004-10-15,4537.699487354419,9.62412654402084,0.06135456369829477,1.815518631450322,6.981494103044512,0.044507574032329376,28.928191142039015,9.973563004349304,0.0635822486176134,19.59768954837014,0.12493681231590817
2004-10-16,6252.248121602418,13.282944683480794,0.07578922617789151,2.0284912967389817,7.827423372947365,0.04466135894853138,35.673795103409994,11.182033389924808,0.06380194135504483,24.464978073405604,0.13959116753293632
2004-10-17,4702.648898952288,10.007184583834643,0.06862205122178733,1.6878524262104908,5.899663960978701,0.04045563855947985,32.2473729667459,8.428091372826717,0.05779376937068551,18.43527595666136,0.12641582059247283
2004-10-18,2852.7742315024566,6.080580500897051,0.053806411933654485,1.307968448398506,3.7296744052373763,0.03300349323506271,25.243896603505323,5.328106293196252,0.04714784747866101,11.408686794093303,0.1009542594123155
2004-10-19,2469.829732400439,5.2730189840440875,0.04846988511183654,1.2591387863723498,3.1716747085789265,0.029154211126893384,22.702812892859168,4.530963869398467,0.041648873038419125,9.803982853442555,0.09011875815025566
2004-10-20,3848.051137990907,8.228825378510871,0.059762843078508425,1.5936496586748814,4.514020162887561,0.032783619318543775,27.94693844377616,6.448600232696515,0.04683374188363397,14.677425611207386,0.10659658496214239
2004-10-21,4253.696877233477,9.109130830929379,0.06684959453730488,1.5771188399471046,4.559151069353348,0.03345845021631945,31.2167995833523,6.513072956219069,0.0477977860233135,15.622203787148447,0.11464738056061838
2004-10-22,2967.090530975784,6.362931244731888,0.05663727403487736,1.3002927631971912,3.095613663504945,0.02755445762693101,26.410456600218414,4.422305233578493,0.03936351089561573,10.785236478310381,0.09600078493049309
2004-10-23,2124.3060544151367,4.562019718050372,0.04810114671551368,1.0977109227018076,2.033648185307385,0.021442434661596208,22.398315550408196,2.9052116932962644,0.030632049516566014,7.467231411346637,0.0787331962320797
2004-10-24,3489.9597106356628,7.506020760529419,0.058088352244795055,1.495570745711584,3.539628953439496,0.027392838365766312,27.00845300849509,5.0566127906278515,0.03913262623680902,12.56263355115727,0.09722097848160408
2004-10-25,4473.133208742985,9.63232193607336,0.07117106749824548,1.566440008732341,4.222056029752,0.031195825541245222,33.050978532583144,6.03150861393143,0.04456546505892175,15.66383055000479,0.11573653255716723
2004-10-26,3105.4528191543386,6.695684613199403,0.05978999490641952,1.2961424367254344,2.818090918138368,0.025164512872838062,27.73054869898402,4.025844168769098,0.03594930410405438,10.721528781968502,0.0957392990104739
2004-10-27,3391.8065758178845,7.322744631478974,0.060011849793029,1.412287557916786,3.0847913342893962,0.025280689620173644,27.796761596734832,4.406844763270566,0.03611527088596235,11.72958939474954,0.09612712067899135
2004-10-28,5039.233518867823,10.892674509928565,0.07428160587059182,1.6972253112342046,4.412466581645829,0.03009041564917949,34.36459593070774,6.30352368806547,0.04298630807025642,17.196198197994036,0.11726791394084823
2004-10-29,7131.509199031478,15.433636461382388,0.08908156311834549,2.0052415492424505,5.720655445556497,0.033019109295904896,41.16243041179432,8.172364922223569,0.047170156137007,23.606001383605957,0.13625171925535248
2004-10-30,6781.407790228055,14.691981573630013,0.0914976394772898,1.8584750819755465,5.099047694195095,0.03175547323298853,42.23275138409159,7.284353848850136,0.04536496176141219,21.976335422480147,0.13686260123870198
2004-10-31,4519.693440259266,9.784897682964356,0.07400060650894563,1.5304081403194276,3.3339680268412275,0.025213922931173718,34.18125223690262,4.762811466916039,0.03601988990167674,14.547709149880395,0.11002049641062236
2004-11-01,3314.991920762315,7.168645126735154,0.0625170278210279,1.3271652955912803,2.2841263621912513,0.019919634576316132,28.909708665013262,3.2630376602732163,0.028456620823308763,10.43168278700837,0.09097364864433666
2004-11-02,2914.6862946281067,6.295532056954516,0.05713405621494133,1.2753331233612697,1.9939683578602818,0.018095928861636905,26.451751670812662,2.8485262255146884,0.025851326945195582,9.144058282469205,0.08298538316013691
2004-11-03,2647.5321908217934,5.711685764407116,0.054743933775406976,1.207576247558233,1.7892463566886525,0.01714911990936869,25.37540279715494,2.5560662238409324,0.024498742727669557,8.26775198824805,0.07924267650307654
2004-11-04,2381.024410645537,5.130276625778886,0.05072151633637073,1.1706708705922002,1.625067076957296,0.016066553970483746,23.540478876910413,2.32152439565328,0.022952219957833926,7.451801021432166,0.07367373629420465
2004-11-05,2217.4760402670445,4.771872259280394,0.049197502237787724,1.1226180291427337,1.525908783731745,0.015731959432967572,22.8619452754861,2.1798696910453503,0.02247422776138225,6.951741950325744,0.07167172999916997
2004-11-06,2267.3225954532845,4.872506737894509,0.0480199441760401,1.1744027378306419,1.759806218120631,0.017343392405716262,22.34511111415897,2.514008883029473,0.024776274865308947,7.386515620923982,0.07279621904134904
2004-11-07,2289.2122304758486,4.913060674537339,0.04915806091804084,1.15676100959968,1.8560661557053937,0.018571033250809936,22.904914417865015,2.651523079579134,0.026530047501157054,7.564583754116473,0.0756881084191979
2004-11-08,1893.3406253949033,4.057728020420594,0.04421452616319716,1.062194910954077,1.4297688215431381,0.01557929724449351,20.630549459224213,2.042526887918769,0.022256138920705014,6.1002549083393625,0.06647066508390218
2004-11-09,1886.7699080716347,4.037675161983504,0.04285367305077478,1.0905098229613999,1.5770563039631482,0.016738011980017762,20.02514256813623,2.252937577090212,0.02391144568573966,6.290612739073715,0.06676511873651444
2004-11-10,1953.234390539949,4.173750294854848,0.04379196431199053,1.1031086601911497,1.7599559237043105,0.018465869195995077,20.49379207685752,2.5142227481490154,0.026379813137135825,6.687973043003863,0.07017177744912637
2004-11-11,1922.106513495221,4.100742173272538,0.04267419813573358,1.1122011835154535,1.8185604609476702,0.01892477170062117,20.002319270275116,2.597943515639529,0.027035388143744527,6.698685688912067,0.06970958627947811
2004-11-12,1950.8221835016705,4.155396160409381,0.04278998648890446,1.12397471731318,1.9318181025597072,0.019892801388016676,20.08849497181701,2.7597401465138676,0.028418287697166682,6.915136306923249,0.07120827418607115
2004-11-13,1734.543149201042,3.688623998944206,0.040551176650275134,1.0528031717397257,1.6624779598858066,0.018276581578337794,19.06883587779854,2.374968514122581,0.02610940225476828,6.063592513066787,0.06666057890504341
2004-11-14,1399.685055157412,2.9714754570656763,0.035977023253470214,0.9559455991416389,1.2133149343218994,0.014690163266227126,16.946632238605076,1.733307049031285,0.02098594752318161,4.7047825060969615,0.05696297077665183
2004-11-15,1319.212658060288,2.7955775122948965,0.033982446901824476,0.9521451265882708,1.2144503776268274,0.014762601033632479,16.036069079675546,1.7349291108954679,0.0210894300480464,4.530506623190364,0.055071876949870875
2004-11-16,1496.6721982340994,3.165665400946901,0.03549499429916404,1.0322482526826537,1.657459192630372,0.018584246009042724,16.78142330776535,2.367798846614817,0.026548922870061036,5.533464247561718,0.06204391716922508
2004-11-17,1655.4876204528855,3.4949183888588964,0.03727537766887445,1.0851786580092326,1.980455048539709,0.0211227278227375,17.656757443963027,2.82922149791387,0.030175325461053573,6.324139886772766,0.06745070312992801
2004-11-18,1545.8926886519412,3.257168196500933,0.03620734195981371,1.0411895471327774,1.8349382225536295,0.020397545257412376,17.184456507749964,2.6213403179337567,0.029139350367731968,5.87850851443469,0.06534669232754568
2004-11-19,1250.6723813419048,2.629727406072458,0.03236617301445595,0.9403848820467944,1.3600629645779316,0.01673939021985091,15.39303221521751,1.942947092254188,0.02391341459978702,4.572674498326646,0.05627958761424297
2004-11-20,1044.5630150945617,2.1916590597424173,0.029038452575504598,0.8735460071991622,1.0650538592421814,0.01411146311488663,13.839969059564613,1.5215055132031163,0.020159233021266616,3.7131645729455336,0.049197685596771214
2004-11-21,1414.4841710593778,2.9607018904581595,0.03180381728874012,1.077461321083176,1.9343333033341499,0.020778580630839705,15.194368699925418,2.763333290477357,0.029683686615485295,5.724035180935516,0.061487503904225416
2004-11-22,2075.5171915346723,4.334372076754684,0.03905492582216069,1.284507457763277,3.027599124036097,0.027280228165598885,18.701479366002683,4.325141605765853,0.03897175452228412,8.659513682520537,0.07802668034444482
2004-11-23,1999.1624872468356,4.165029989139295,0.03896309976869386,1.2372312752634498,2.8540846656292094,0.026699444149306233,18.70180230335517,4.077263808041728,0.03814206307043748,8.242293797181024,0.07710516283913134
2004-11-24,1553.23847472337,3.227850717657515,0.03401245418559506,1.098403046788775,2.136472339175308,0.022512400328019586,16.366758280312002,3.052103341679012,0.03216057189717084,6.279954059336527,0.0661730260827659
2004-11-25,1214.9436479516744,2.518281680814641,0.029702014925685048,0.9813064462481136,1.5409254258645424,0.018174531605054806,14.329721190543426,2.2013220369493465,0.025963616578649724,4.719603717763988,0.055665631504334775
2004-11-26,987.8943925081096,2.0419801546099277,0.0262531519143242,0.9002358895561555,1.1509505631850387,0.014797440569125356,12.701074250537346,1.644215090264341,0.021139200813036226,3.686195244874269,0.04739235272736042
2004-11-27,1817.890215312617,3.7455496265518935,0.0329374116408836,1.3161710852841357,2.882640418976937,0.025349207341807223,15.986064612580732,4.118057741395624,0.03621315334543889,7.863607367947518,0.0691505649863225
2004-11-28,2412.921912414743,4.957596275500498,0.040210666119092325,1.4269742846849343,3.73206381479434,0.03027047053699243,19.571016274768304,5.331519735420486,0.04324352933856062,10.289116010920985,0.08345419545765295
2004-11-29,1666.2303256387304,3.3846067219989893,0.031843177473501585,1.230206657128481,2.6899019440698226,0.025307231246277092,15.676287477118672,3.84271706295689,0.03615318749468156,7.227323784955879,0.06799636496818315
2004-11-30,1275.0077640552795,2.5825339287529836,0.027450450085075934,1.0888870272639788,1.942681347964969,0.020649284324899618,13.552401614403491,2.7752590685213843,0.029498977606999457,5.357792997274368,0.056949427692075394
2004-12-01,1022.0856312759427,2.070309827532932,0.02455092418682041,0.9760088507386239,1.3791158141036646,0.01635434819784992,12.120479027912548,1.970165448719521,0.02336335456835703,4.040475276252453,0.04791427875517744
2004-12-02,887.1181318735024,1.796949438776417,0.022664317368785943,0.9176550775099815,1.1212166689742737,0.0141415277895127,11.188921875328965,1.6017380985346767,0.020202182556446714,3.398687537311094,0.04286649992523266
2004-12-03,820.8707457885006,1.6627829733019597,0.02178726065487006,0.8833223050371953,1.0350788524175656,0.013562523262541218,10.755778228193243,1.4786840748822365,0.01937503323220174,3.141467048184196,0.0411622938870718
2004-12-04,764.9664794269588,1.5495651368365126,0.02101053090182902,0.8536091620030056,0.9784518607339402,0.01326681439017914,10.372169244640917,1.3977883724770575,0.018952591985970203,2.94735350931357,0.03996312288779923
2004-12-05,720.4685183381605,1.459448897478089,0.020380705318056754,0.8288118287923769,0.951424616743375,0.013286319774333123,10.061096752726462,1.3591780239191071,0.018980456820475892,2.818626921397196,0.03936116213853265
2004-12-06,683.4605218739456,1.3845026890882008,0.01983978915191666,0.8076868436736145,0.9405000038664865,0.013477273768515726,9.793922940350585,1.3435714340949807,0.019253248240736754,2.7280741231831813,0.039093037392653414
2004-12-07,650.4496916643463,1.317652306758822,0.01935443772210771,0.7879642705859182,0.9317182098345274,0.013685614918516366,9.554180555907463,1.3310260140493249,0.01955087845502338,2.6486783208081466,0.03890531617713109
2004-12-08,618.7957849117229,1.2535476885670809,0.018880892771012958,0.7684304963128789,0.9205529879752211,0.013865337884244065,9.320281125824774,1.3150756971074589,0.019807625548920096,2.56862338567454,0.03868851831993306
2004-12-09,588.9764506562324,1.1931584142531533,0.018417980270084493,0.749794693346547,0.9099010996512522,0.014045528490527225,9.091631520296437,1.2998587137875033,0.02006504070075318,2.4930171280406563,0.038483020970837674
2004-12-10,561.3578107515218,1.1372414516164588,0.01798137016355021,0.7320085555992824,0.8993073035158735,0.014219300125156546,8.875848286198007,1.2847247193083908,0.02031328589308078,2.4219661709248497,0.03829465605663099
2004-12-11,536.0071964523902,1.085866454120751,0.01756709408020833,0.7154227510345685,0.8896996110713332,0.014393516542943907,8.67149805762464,1.270999444387619,0.02056216648991987,2.35686589850837,0.0381292605701282
2004-12-12,512.1890693054894,1.0376493323544311,0.017173954124245945,0.6993048979109817,0.8790440729313925,0.014548905984895347,8.477152449213099,1.2557772470448465,0.020784151406993353,2.2934265793992776,0.037958105531239295
2004-12-13,488.2714839027909,0.9892074072179453,0.016777144421853903,0.6824260146947048,0.8665476645513284,0.014696812023966926,8.28117656897528,1.2379252350733263,0.02099544574852418,2.227132642291272,0.03777259017037808
2004-12-14,801.6523244364233,1.6241249081509803,0.020182543558512102,0.9313861723122676,1.7150838764776764,0.021312865081861466,9.96190802537494,2.450119823539538,0.03044695011694495,4.074244731690518,0.05062949367545705
2004-12-15,1164.3072132173743,2.3588822073621714,0.026246973919973483,1.0401914324778174,2.497305785061074,0.027787194971466915,12.955094139408828,3.5675796929443915,0.03969599281638131,5.926461900306563,0.06594296673635479
2004-12-16,982.8902523276732,1.9913593993407135,0.02374325749515999,0.9707236338893848,2.074134790343368,0.024730200095018785,11.71913837262374,2.963049700490526,0.03532885727859827,4.954409099831239,0.05907211477375826
2004-12-17,916.4096493913921,1.8566938067407686,0.023134703704584654,0.9288864005564769,1.8575127744281432,0.023144908173798828,11.418611746170502,2.6535896777544905,0.03306415453399833,4.510283484495259,0.056198858238582984
2004-12-18,752.6478200862728,1.5249252328192358,0.021175651445967572,0.8334854607476769,1.3901952589181343,0.01930474334814595,10.451533987832887,1.9859932270259064,0.027578204783065642,3.510918459845142,0.048753856229033214
2004-12-19,608.5695187544911,1.2330289254703584,0.018901288147813604,0.7550367999929516,1.0025172055124976,0.015367738893314477,9.32885481787622,1.4321674364464252,0.021953912704734967,2.6651963619167836,0.04085520085254857
2004-12-20,544.7086241645841,1.1036572945666072,0.017775749960214388,0.7186088524139007,0.873543675170098,0.014069488803812069,8.773198303486302,1.247919535957283,0.020099269719731527,2.35157683052389,0.037875019679945915
2004-12-21,523.4315251489036,1.060560721449124,0.0173027492111853,0.7094253173461281,0.8698159679834,0.014190802327034062,8.539637783779806,1.2425942399762857,0.020272574752905805,2.3031549614254097,0.037575323964091106
2004-12-22,662.188422639605,1.3417284495791566,0.018828243729707983,0.8247856085599212,1.3805957578350556,0.01937366195736,9.292375830862047,1.9722796540500795,0.027676659939085718,3.314008103629236,0.0465049036687937
2004-12-23,1018.7150260576537,2.0641530327601143,0.023548186001069022,1.0145435448957998,2.3218689752187407,0.026488250449847615,11.621662994440092,3.3169556788839154,0.037840357785496596,5.38110871164403,0.06138854378656562
2004-12-24,1165.1022521358786,2.360798443078224,0.025897974911279462,1.055065353478489,2.559282302998462,0.02807534419902171,12.781179597673257,3.6561175757120887,0.04010763457003102,6.016916018790313,0.06600560948131048
2004-12-25,985.3240412917866,1.9965474775679308,0.024241679195506537,0.9532420675734516,2.0576923199081594,0.024984087612599244,11.96360696701881,2.9395604570116562,0.03569155373228464,4.936107934579587,0.05993323292779117
2004-12-26,920.0884832134535,1.8643886867245738,0.022707313009216096,0.9502917740314726,1.9095995087546076,0.02325795799786572,11.20621323936903,2.727999298220868,0.033225654282665315,4.592387984945442,0.05593296729188141
2004-12-27,907.0406147815086,1.8379745538510668,0.02312407229511903,0.9199440894770821,1.8189070382340549,0.02288417854430934,11.411731847358535,2.59843862604865,0.03269168363472763,4.436413179899716,0.05581575592984666
2004-12-28,749.5186111924073,1.5188025957165059,0.02096452526979214,0.838499012999263,1.3963175131289007,0.019273823913129637,10.345848702681387,1.9947393044698583,0.02753403416161377,3.513541900186364,0.04849855943140591
2004-12-29,640.7772170753838,1.2984712359014772,0.019407361037777238,0.7743763945095063,1.098137906192908,0.0164131158438473,9.577258588967087,1.56876843741844,0.023447308348353287,2.8672396733199172,0.04285466938613053
2004-12-30,577.3042260553175,1.169866703594672,0.018242050868079722,0.7422478964736552,0.9630528270546282,0.015017145633598083,9.002062393688986,1.3757897529351832,0.021453065190854406,2.545656456529855,0.039695116058934124
2004-12-31,567.7537627654701,1.1505307439237789,0.018006628811488325,0.739523660651986,0.9906146667774799,0.015503827858649552,8.885752350761088,1.4151638096821142,0.022148325512356504,2.5656945536058933,0.04015495432384483
