Date,Msus,PP_mgl,PPr,Qr,SS_mgl,Sim_Q_cumecs,TDP_mgl,TDPr,TP_mgl,Vr
2004-01-01,497.597288612,0.0150374125884,1.00307135668,1.29023307299,7.45966444151,0.772049188354,0.0189575220932,1.26456245671,0.0339949346816,0.266817010732
2004-01-02,600.966133206,0.0184249109618,1.21146329303,1.27178681666,9.13997771051,0.761011324321,0.0272386779966,1.79098062465,0.0456635889583,0.264812046143
2004-01-03,571.85692087,0.018122700706,1.15279810347,1.2303814988,8.98994524056,0.736235225557,0.0260780660855,1.65884465087,0.0442007667915,0.257144941749
2004-01-04,554.231211513,0.0176582354567,1.11728370059,1.22384274196,8.75940929346,0.73232256666,0.0256175041595,1.62088788074,0.0432757396162,0.261643054327
2004-01-05,542.314271302,0.0176560423827,1.09327608087,1.19769418443,8.75819376859,0.716675802491,0.0254064836299,1.5731895206,0.0430625260126,0.252622627082
2004-01-06,511.321136164,0.0170167630594,1.03081131409,1.17168718988,8.44095374437,0.70111374672,0.0242799461814,1.47078754883,0.0412967092408,0.253735347694
2004-01-07,707.170026551,0.01922992162,1.42565967223,1.43399556336,9.53861882152,0.858073734093,0.0333642021552,2.47354089365,0.0525941237752,0.307197251048
2004-01-08,2325.3425321,0.0343309717239,4.68795821256,2.64123529778,17.0290060402,1.58046139925,0.0537466954136,7.33921149068,0.0880776671375,0.462804812465
2004-01-09,2802.39079788,0.041949921058,5.64974400599,2.60499610975,20.8080353057,1.55877660734,0.0550402314709,7.41272474414,0.0969901525289,0.353177378381
2004-01-10,1582.7935773,0.0304195870824,3.19102971412,2.02902309599,15.0885235713,1.21412608869,0.0410076517676,4.30172293077,0.0714272388499,0.3414065466
2004-01-11,1216.46694453,0.0270274147057,2.4525217132,1.75516444439,13.4057759443,1.05025465017,0.0331438493258,3.00753923435,0.0601712640315,0.30210004502
2004-01-12,881.903594686,0.0227377558076,1.77803482713,1.51252346965,11.277905402,0.905063233577,0.0240742992688,1.8825491355,0.0468120550765,0.286164412178
2004-01-13,754.440673587,0.020851699319,1.52107591117,1.41097361218,10.3422649482,0.844297867471,0.0204587085461,1.49240828131,0.041310407865,0.277873301749
2004-01-14,688.476405602,0.0198618069108,1.38810228576,1.35179915535,9.8511367433,0.808889077914,0.0191229270333,1.33646343681,0.038984733944,0.272140808846
2004-01-15,702.956947931,0.0197692251256,1.41731946803,1.3867161147,9.80506827901,0.829782675115,0.0212817480165,1.52575710914,0.0410509731421,0.28431786657
2004-01-16,1108.10685587,0.0240638003377,2.23422556812,1.79585909684,11.9349015216,1.07460550124,0.0345548143348,3.20827336517,0.0586186146725,0.35118399401
2004-01-17,1294.53598235,0.0277625500865,2.6101443001,1.8185055026,13.7692081037,1.08815664913,0.0378741572259,3.56080458374,0.0656367073125,0.306265180369
2004-01-18,1265.8888952,0.0261714102475,2.55242215486,1.88640455871,12.9798660229,1.12878606117,0.0363596535422,3.54605213729,0.0625310637896,0.350719537375
2004-01-19,1660.09585812,0.0303812954639,3.34730621363,2.13107440116,15.0675975083,1.27519151088,0.0416276705185,4.58639297824,0.0720089659824,0.361136056922
2004-01-20,1748.63583894,0.0314683750625,3.52587713571,2.16721657603,15.6065359936,1.29681825209,0.0412371139851,4.62041643567,0.0727054890476,0.35917206791
2004-01-21,1566.30579135,0.0302061670114,3.15827537201,2.0223849808,14.9803575533,1.21015397578,0.037288876662,3.8988243946,0.0674950436733,0.336163548276
2004-01-22,1191.72311535,0.0266498699669,2.40300626833,1.74409150304,13.2164724159,1.04362882763,0.0293305039486,2.64471777646,0.0559803739155,0.30384194929
2004-01-23,1007.44753972,0.0238610534042,2.03146247129,1.64675369981,11.8332284681,0.985383868982,0.0250509875348,2.13277009123,0.048912040939,0.310035416744
2004-01-24,941.794920973,0.0234145864909,1.89910426455,1.56881514589,11.6116524223,0.938747025958,0.0238092858335,1.93111743741,0.0472238723243,0.291241512392
2004-01-25,819.70475085,0.0216661975021,1.65293786764,1.47564974919,10.7444359362,0.882998750382,0.0207305864813,1.58155908115,0.0423967839834,0.28671935764
2004-01-26,1013.22102668,0.0232601645444,2.04319521868,1.69905148007,11.5347214916,1.01667779537,0.0282098128497,2.47797708501,0.0514699773941,0.333087926939
2004-01-27,1110.67670469,0.0256370134248,2.23974635957,1.68982163241,12.7132402591,1.01115484254,0.0308995479791,2.69950126217,0.0565365614038,0.296795843378
2004-01-28,834.933299118,0.0220945972195,1.6837186595,1.47398441965,10.9564117764,0.882002251111,0.0229328945446,1.74760110255,0.045027491764,0.282523941823
2004-01-29,723.446858593,0.0204121537724,1.45891852121,1.38245710001,10.1219556193,0.827234167483,0.0197957815494,1.41486452955,0.0402079353219,0.274838418946
2004-01-30,1134.34625175,0.0260618074639,2.32438870255,1.72509763904,12.7186617188,1.03226328632,0.0306751897753,2.7358449586,0.0567369972392,0.346957711545
2004-01-31,1426.42776597,0.0322651518651,2.9416950776,1.76349160718,15.6453701963,1.05523745476,0.0353303682135,3.22115856444,0.0675955200786,0.299685327255
2004-02-01,1287.40553616,0.0302081610929,2.6682712855,1.70850065993,14.5750374182,1.02233199211,0.0311942645967,2.75537329928,0.0614024256895,0.324278664744
2004-02-02,2229.143023,0.0397190529381,4.64190607716,2.26051254276,19.0739425282,1.35264465811,0.0424243157028,4.95806607441,0.0821433686409,0.398464336909
2004-02-03,2439.70513604,0.0456293668651,5.10002796824,2.16190980865,21.8277627864,1.29364279059,0.0423578191935,4.73436467351,0.0879871860586,0.329746509108
2004-02-04,1710.77359884,0.0379848682814,3.59017111469,1.82815906624,18.100393473,1.09393314496,0.0316249543058,2.98905860646,0.0696098225872,0.324060707673
2004-02-05,1640.96314526,0.037735703484,3.45630868188,1.77161573315,17.9159051975,1.06009876625,0.0295644801903,2.7078856394,0.0673001836743,0.318216807125
2004-02-06,1527.69089378,0.037323341401,3.22839604447,1.67307629546,17.661565681,1.00113477402,0.0268901654788,2.32594672953,0.0642135068798,0.304496712833
2004-02-07,2412.56815822,0.0453669467892,5.11588234652,2.18117470713,21.3943253276,1.30517051341,0.0376831826368,4.24940937083,0.083050129426,0.398019095563
2004-02-08,2815.75924743,0.0540197495283,5.98718624827,2.14377725596,25.4053578711,1.28279264043,0.0399617768263,4.42909496545,0.0939815263546,0.326988325482
2004-02-09,2036.22111232,0.0451723624763,4.34190748663,1.8591619318,21.1844491046,1.11248462817,0.0301960824381,2.90240733974,0.0753684449144,0.331505322443
2004-02-10,1818.24661952,0.044222485527,3.8871503691,1.70019075172,20.6854320469,1.01735951231,0.0262689759334,2.30903935585,0.0704914614604,0.300062134452
2004-02-11,1450.58947041,0.0397834213798,3.10884522107,1.51149400034,18.5629737239,0.904447220112,0.0195785656788,1.52995213169,0.0593619870586,0.287186068867
2004-02-12,1309.30885081,0.0381643180162,2.81277961597,1.425567077,17.7649464892,0.853030299547,0.0172909391568,1.27437364872,0.055455257173,0.279835687266
2004-02-13,1272.56722352,0.0379421187549,2.73982058555,1.39672209155,17.6230140664,0.835770047837,0.0174064106134,1.25692617292,0.0553485293683,0.27949372852
2004-02-14,1247.99600223,0.0383137725619,2.69269613608,1.35938316503,17.7574566795,0.813427194818,0.0177716967911,1.24899679883,0.056085469353,0.272792937808
2004-02-15,1180.91663724,0.0378307861086,2.55306057196,1.30534469864,17.4986074385,0.78109167731,0.0171934715378,1.16032413792,0.0550242576464,0.26652665516
2004-02-16,1123.18488764,0.0373423731442,2.43296491291,1.26021135471,17.2392084084,0.754084803686,0.0170141017536,1.10851853017,0.0543564748978,0.26263551815
2004-02-17,1080.57880721,0.037145318574,2.34487977487,1.22102891991,17.1174848572,0.730638832861,0.0170208412673,1.07447796845,0.0541661598413,0.257899185417
2004-02-18,1042.42753036,0.0369611930653,2.26599327156,1.18582906706,17.0033007996,0.709575957953,0.0170712864898,1.04659555373,0.0540324795551,0.253498274992
2004-02-19,1006.05888506,0.0367661304891,2.19058178559,1.15244711462,16.8854194311,0.689600877614,0.0172989665415,1.03069864876,0.0540650970306,0.249613769704
2004-02-20,975.635060462,0.0366512470909,2.12770061676,1.12287450153,16.806049399,0.671905228346,0.0176644721087,1.02546874073,0.0543157191997,0.246043749207
2004-02-21,948.891082906,0.0365814698142,2.07251428385,1.09583669289,16.7486568256,0.655726354425,0.0181419051227,1.02782522665,0.0547233749369,0.242732994453
2004-02-22,925.031329682,0.0365454506189,2.02333513317,1.0708877689,16.7079028212,0.640797426532,0.0187058335349,1.03564655916,0.0552512841538,0.239634994049
2004-02-23,1079.26424973,0.0388112165009,2.36405882227,1.17817683586,17.7184924771,0.70499701868,0.021660680731,1.3193898052,0.0604718972319,0.271945100771
2004-02-24,1603.06569606,0.047938045441,3.51627002202,1.41876789471,21.8549302817,0.848961807369,0.0327546663131,2.4025646056,0.0806927117541,0.290740551293
2004-02-25,1574.97076941,0.0505470388374,3.4587889802,1.3235422362,23.0167579187,0.791980713098,0.0313268006777,2.1436031756,0.0818738395151,0.257468185363
2004-02-26,1183.03624236,0.0439019298261,2.60122945191,1.14605248783,19.9665485318,0.685774463203,0.022828879592,1.35263197276,0.066730809418,0.244463567259
2004-02-27,1034.16753271,0.0411237318349,2.27666520498,1.07081909887,18.6803172441,0.640756335784,0.0194938636965,1.0792065605,0.0606175955314,0.237401397113
2004-02-28,958.416828163,0.0398739113532,2.11220342608,1.02460473988,18.0928726721,0.613102604769,0.0183111680935,0.969980387427,0.0581850794467,0.232200333954
2004-02-29,906.96142995,0.0391536359187,2.00106974815,0.988552150555,17.7459269739,0.591529469719,0.0178999151036,0.914831477791,0.0570535510223,0.22785791815
2004-03-01,839.725346611,0.037477650423,1.85171932948,0.95567947979,16.9955200502,0.571859133161,0.0179721062472,0.887977131807,0.0554497566702,0.22351734999
2004-03-02,777.836115411,0.0356281065683,1.71338936704,0.930192388872,16.1742733705,0.556608177138,0.0189029637634,0.909061419127,0.0545310703317,0.220978368102
2004-03-03,798.467423922,0.0352809461436,1.75682837967,0.96316029711,16.0349676194,0.576335501859,0.0204408288416,1.01785899014,0.0557217749852,0.227457088854
2004-03-04,1431.79952461,0.0441599436839,3.14623021942,1.37807052591,20.0964907091,0.824609330899,0.0353750487516,2.52033943232,0.0795349924354,0.321697580926
2004-03-05,3865.83894667,0.0732374625027,8.48404398486,2.24067608891,33.3713775415,1.3407749282,0.0537762143501,6.22959551431,0.127013676853,0.39749755529
2004-03-06,7295.02778541,0.100966636367,15.9891716878,3.06307432143,46.0658270532,1.83288127799,0.0594905754125,9.4209835873,0.160457211779,0.467724255299
2004-03-07,9620.5335427,0.117334544614,21.0585223366,3.47145434924,53.6039948165,2.07724756777,0.0595520765452,10.6880606922,0.176886621159,0.474601495816
2004-03-08,7232.66751447,0.105288718543,15.810454559,2.9045039621,48.1654902083,1.7379960051,0.0522012434031,7.83868773563,0.157489961946,0.38882878534
2004-03-09,3825.23938935,0.0758067573168,8.34998445813,2.13052779412,34.728087881,1.27486443236,0.0365761519369,4.02880047929,0.112382909254,0.33080270244
2004-03-10,2554.81608805,0.0594002621416,5.56842845975,1.81323352334,27.2530654655,1.08500200413,0.0259280573652,2.43060429925,0.0853283195067,0.320391865542
2004-03-11,2325.91686674,0.055289232904,5.0612459528,1.77062395246,25.4083995443,1.05950530489,0.0248933031957,2.27876429883,0.0801825360997,0.320485775863
2004-03-12,2062.11844594,0.0520943179909,4.47980324424,1.66332854294,23.9797705839,0.995301917479,0.0228356138198,1.96372773115,0.0749299318108,0.301014577046
2004-03-13,1638.81462647,0.0459008001419,3.55410326276,1.4976807321,21.1650864023,0.896181641778,0.0178744488252,1.38402025005,0.0637752489671,0.28432557901
2004-03-14,1474.4679645,0.0421761525459,3.19166080353,1.46372411404,19.4843342143,0.87586269324,0.0172557746026,1.30582274838,0.0594319271486,0.28935259155
2004-03-15,1355.36712151,0.0404421596644,2.92828398478,1.40051675791,18.7188038513,0.83804069889,0.0173541403302,1.25655631698,0.0577962999946,0.27442721987
2004-03-16,1159.66968702,0.0367291187343,2.50042686975,1.31677964935,17.0345496374,0.787934118883,0.0156552815022,1.0657725497,0.0523844002366,0.267522902399
2004-03-17,1042.15480012,0.0341951584124,2.242096086,1.26823302312,15.8943448958,0.75888480666,0.0158129823233,1.03682004767,0.0500081407358,0.26277255263
2004-03-18,987.384268604,0.032631662777,2.11956595845,1.25636893223,15.2012209651,0.751785576346,0.0168014218559,1.0913241554,0.049433084633,0.262264276365
2004-03-19,1133.29367434,0.0333943107968,2.42663701274,1.40553540428,15.5958888727,0.841043754647,0.0224122705675,1.62861409626,0.0558065813643,0.30335949692
2004-03-20,1656.17960439,0.040052134789,3.53699141676,1.70811770307,18.75422384,1.02210283853,0.0347442025382,3.06824959037,0.0747963373272,0.321940775845
2004-03-21,1509.26993642,0.039485177411,3.2151650751,1.57499303975,18.5352197504,0.942443751796,0.0323589315502,2.63489525461,0.0718441089612,0.283437766355
2004-03-22,1161.42259348,0.0331755161263,2.46692683368,1.43829522219,15.6189447752,0.860646562349,0.0260332067049,1.93582568369,0.0592087228312,0.285533089877
2004-03-23,1517.09881778,0.0358485877674,3.21196502867,1.73303851046,16.9322672058,1.03701494202,0.0345236052858,3.09324912773,0.0703721930532,0.338654001951
2004-03-24,1785.59100746,0.0398615311313,3.7684391937,1.82859274542,18.8874990078,1.09419264975,0.038660850975,3.65492899899,0.0785223821063,0.318121077102
2004-03-25,1610.70506165,0.0366912597362,3.38746082047,1.78575187552,17.4463413475,1.06855754588,0.0358672064368,3.31138144118,0.072558466173,0.324146599642
2004-03-26,1283.33354358,0.033377734865,2.68933033259,1.5584638993,15.9276702612,0.932553050857,0.0299853805591,2.41599958169,0.0633631154241,0.279133592656
2004-03-27,935.671205172,0.0270356141269,1.95276514709,1.39708629661,12.9541669107,0.835987980727,0.0224288900067,1.62002440512,0.0494645041336,0.280194916645
2004-03-28,813.757396894,0.0249438253654,1.69110586087,1.31134569327,12.0029283013,0.784682550253,0.0204988250398,1.38975007473,0.0454426504051,0.262858718538
2004-03-29,658.626637837,0.0218307628306,1.36227611625,1.20699560286,10.554631145,0.722241581803,0.0170392673544,1.06327878395,0.038870030185,0.253723314721
2004-03-30,521.044105919,0.0177476637477,1.05795450075,1.15301579197,8.74074979878,0.689941162554,0.016475629329,0.982127363306,0.0342232930767,0.248769147272
2004-03-31,471.590466377,0.0164399917192,0.952009198825,1.12007990883,8.1437693792,0.670233001,0.0174040241938,1.00783451793,0.033844015913,0.245223254506
2004-04-01,865.445415984,0.020777295752,1.74685402059,1.62621157881,10.2937138153,0.973091882226,0.0327388953499,2.75252716495,0.0535161911019,0.363881128096
2004-04-02,2552.34096186,0.0366402908684,5.15181352099,2.71963535819,18.1525427613,1.62737439836,0.0535240458882,7.52575639465,0.0901643367566,0.442492116733
2004-04-03,2805.28177818,0.041009630621,5.66241683306,2.67070202492,20.3170435704,1.59809368852,0.05283486101,7.29518900378,0.093844491631,0.379435121818
2004-04-04,1569.47497368,0.0316061023241,3.16800274699,1.93876006125,15.6581261366,1.16011452739,0.0379879168193,3.80767687206,0.0695940191434,0.304315467762
2004-04-05,930.803792626,0.0234243716453,1.8788681251,1.55145007868,11.6045898464,0.928356123469,0.0233557391895,1.87336311794,0.0467801108348,0.291988667945
2004-04-06,1067.27730257,0.0239591684884,2.15437912737,1.73924133378,11.8693485242,1.04072658514,0.0285307593036,2.56545098221,0.052489927792,0.336091043252
2004-04-07,1210.87656382,0.0265593503487,2.44427619147,1.78009133683,13.1573080815,1.06517039484,0.0322433790344,2.96738145594,0.058802729383,0.310974011087
2004-04-08,978.923500591,0.0239046525178,1.97608437853,1.59894125015,11.8420176676,0.956773873065,0.0263401426247,2.17741480786,0.0502447951425,0.295781645219
2004-04-09,803.506735241,0.0217238617215,1.62200710047,1.44419280907,10.7615245356,0.864175558204,0.0212862883913,1.58933578919,0.0430101501128,0.277672207092
2004-04-10,652.672059178,0.0195468450786,1.31754363682,1.30376042429,9.68292758688,0.780143679814,0.016816610946,1.13351380521,0.0363634560246,0.264044270748
2004-04-11,622.239203006,0.0187178283381,1.25612900124,1.29804048941,9.27211024956,0.776720987299,0.0171828386194,1.15311784698,0.0359006669576,0.269976753354
2004-04-12,670.127801281,0.0193232042825,1.35282277676,1.35416385749,9.57184978108,0.810304067501,0.0207999536462,1.45621040055,0.0401231579288,0.280589708393
2004-04-13,633.387083936,0.0193515893994,1.27867050499,1.2780606503,9.58577423298,0.764765458571,0.0206320346293,1.36327686548,0.0399836240287,0.256884835463
2004-04-14,521.117867017,0.0173696323181,1.05204017179,1.17152390565,8.60387843277,0.701016040767,0.0169529581991,1.02680314295,0.0343225905172,0.250377793974
2004-04-15,495.293532965,0.0167909635543,0.999921357326,1.15185996149,8.31710974046,0.689249537139,0.017538346685,1.04442888973,0.0343293102393,0.249518236693
2004-04-16,475.031662317,0.0164929041209,0.959030351393,1.12472066466,8.16934693424,0.673009934754,0.0177990143043,1.03497812256,0.0342919184252,0.245759791868
2004-04-17,471.985406814,0.0163230023777,0.95289471453,1.12915699961,8.08506837134,0.675664547218,0.01857580855,1.0844077196,0.0348988109277,0.249251389201
2004-04-18,2245.86438658,0.0335873855377,4.5342464546,2.61118943309,16.6362181175,1.56248256587,0.0508889198623,6.86992752696,0.0844763054,0.491799952849
2004-04-19,3254.67860401,0.0455293187675,6.57101308377,2.79158358935,22.5510583769,1.67042675428,0.0570597727711,8.23514437699,0.102589091539,0.360780078364
2004-04-20,1708.5199231,0.0316932413877,3.44945777434,2.10520130961,15.6976945019,1.25970957994,0.0418151781512,4.55111831555,0.0735084195389,0.348286629856
2004-04-21,1233.82622179,0.0275522297275,2.49109734119,1.74881312571,13.6464613182,1.04645415045,0.0322984651757,2.9202217577,0.0598506949032,0.295693475642
2004-04-22,792.388094434,0.0217688857156,1.59985800765,1.42152563828,10.7818355052,0.850611984941,0.01979914653,1.45509621091,0.0415680322456,0.273944872946
2004-04-23,671.637981539,0.0196253033864,1.3560811782,1.33653016755,9.71999270059,0.799752426647,0.0166317309569,1.1492294854,0.0362570343432,0.271112029843
2004-04-24,606.029715138,0.0187565894292,1.2236324699,1.26184664573,9.28959538776,0.755063328521,0.0159465091559,1.04030993792,0.0347030985851,0.260761591822
2004-04-25,554.057202139,0.0178207484226,1.11871296345,1.21423343751,8.82595834105,0.72657255462,0.01677704492,1.05319356939,0.0345977933425,0.256625655794
2004-04-26,686.345185113,0.0190352910308,1.38584069337,1.40819645093,9.42733202219,0.842636070755,0.0227090828577,1.65330653901,0.0417443738885,0.311897860899
2004-04-27,813.798370605,0.0220775571484,1.64320896393,1.43963114853,10.9338985051,0.86144595346,0.0283618322861,2.11094084064,0.0504393894345,0.265748118878
2004-04-28,839.705549898,0.021124119244,1.69554744265,1.55253283038,10.4615416353,0.929004020031,0.0298603692071,2.39677082205,0.0509844884511,0.321703658685
2004-04-29,2102.57057577,0.0329351468908,4.24559507264,2.49337971973,16.31066307,1.49198763322,0.048814271558,6.29253701186,0.0817494184489,0.43369617912
2004-04-30,2424.49688847,0.0386138600025,4.89568551218,2.45233474407,19.1227935689,1.46742715589,0.0498745117472,6.32337519667,0.0884883717498,0.350902877062
2004-05-01,1195.32107667,0.0278005893156,2.41369672724,1.67933815859,13.7675251317,1.00488174536,0.0308937785106,2.68225292769,0.0586943678262,0.281505521883
2004-05-02,690.26963562,0.0202517632503,1.39387641802,1.33128453143,10.0289932872,0.796613544847,0.0163316624389,1.12406603115,0.0365834256892,0.268187725495
2004-05-03,654.775552732,0.0192317429,1.32222490125,1.32983005581,9.52370135778,0.795743216269,0.0174393913024,1.19899676085,0.0366711342023,0.271303684349
2004-05-04,784.748066058,0.020502266308,1.58470819424,1.49505403742,10.1527296278,0.894609881187,0.0228180464658,1.76370478598,0.0433203127738,0.316602291574
2004-05-05,1318.52607864,0.0266165168921,2.66264537252,1.93495809156,13.180340126,1.15783950618,0.0376988470944,3.77129213308,0.0643153639865,0.351848370555
2004-05-06,1135.80556552,0.0269330642603,2.29368508698,1.64724227878,13.3369329805,0.985676224686,0.0328485302413,2.79746051974,0.0597815945016,0.275636382029
2004-05-07,686.774802083,0.0200542754079,1.38691969703,1.337684818,9.93047474461,0.800443345957,0.0189441208475,1.31014328924,0.0389983962554,0.270020470024
2004-05-08,613.374858903,0.0188214062535,1.2387101719,1.27299615504,9.31983741391,0.761734967772,0.017471660473,1.14987813644,0.0362930667264,0.262209747176
2004-05-09,539.216642465,0.0176946234025,1.08896475547,1.19036995565,8.76174859918,0.712293133182,0.0169024687408,1.0402138729,0.0345970921433,0.252985360036
2004-05-10,495.352884461,0.0168781382087,1.00039704639,1.14645580826,8.35731620382,0.686015801931,0.0190150664834,1.12705655752,0.0358932046922,0.247322066106
2004-05-11,453.6376167,0.0161924053777,0.916165410197,1.09438965722,8.01763972141,0.65486047776,0.0206022265605,1.16567285141,0.0367946319382,0.239992684342
2004-05-12,409.194503736,0.0153770107037,0.826421787931,1.03953543704,7.61377344562,0.622036829802,0.0215787488262,1.15972789054,0.0369557595298,0.234072418723
2004-05-13,389.703457548,0.0148984209227,0.787070077284,1.02183933964,7.3766826019,0.611447845597,0.0222428832221,1.17507136545,0.0371413041448,0.233656480716
2004-05-14,374.633672501,0.0146508300107,0.756646437133,0.998941875197,7.25397488543,0.597746469302,0.0220506630153,1.13881299522,0.036701493026,0.230230290651
2004-05-15,361.693249318,0.0143710922284,0.7305227753,0.983226195614,7.11535248464,0.588342526773,0.0219719174926,1.11689396257,0.0363430097209,0.228284898991
2004-05-16,350.917172265,0.0141561562126,0.708769690853,0.96843225994,7.00881876353,0.579490137024,0.0219950181163,1.10124541976,0.0361511743289,0.226301489214
2004-05-17,341.11568802,0.0139536022396,0.688984370298,0.955064028337,6.90841887496,0.571490859549,0.0220614840881,1.08932571398,0.0360150863277,0.224546821436
2004-05-18,330.378406458,0.0137408591795,0.667308230833,0.939338341817,6.80297791838,0.562080929073,0.0220672301417,1.07166838062,0.0358080893213,0.222378542743
2004-05-19,320.905132575,0.013533639242,0.648184620637,0.926389414123,6.70027359013,0.554332554516,0.0221353669358,1.06015862868,0.0356690061778,0.220706286172
2004-05-20,465.353516193,0.0156723630878,0.939964315116,1.16007572375,7.75900654169,0.694165681921,0.0276078296528,1.65580484233,0.0432801927406,0.255447675045
2004-05-21,395.044713564,0.0156265191572,0.797955812539,0.987702267521,7.73623512411,0.591020917024,0.0252293643022,1.28831748703,0.0408558834594,0.225400993076
2004-05-22,306.718458749,0.0134351503496,0.619553854216,0.891961253279,6.65125167126,0.533731444381,0.0226787028487,1.04581470195,0.0361138531984,0.21471652123
2004-05-23,287.47080311,0.0127987788656,0.580684363426,0.877568554543,6.33610179824,0.525119146642,0.0224545884303,1.01877128479,0.0352533672959,0.214129223647
2004-05-24,285.475746012,0.0127379267573,0.57666372827,0.875655631391,6.30587457721,0.523974492395,0.0228335256534,1.03370558519,0.0355714524107,0.213813570065
2004-05-25,270.416518335,0.0124867786391,0.546252648795,0.846160211735,6.18144591566,0.506325034105,0.0224501073645,0.982113238971,0.0349368860036,0.209166801312
2004-05-26,258.594411394,0.0121573881232,0.522380194557,0.831104967311,6.01828449579,0.497316282523,0.0223504079309,0.96035516223,0.0345077960541,0.207431913526
2004-05-27,250.489691015,0.0119674336932,0.50601637554,0.817848758143,5.92415366963,0.489384036991,0.0223685222688,0.945803323824,0.034335955962,0.205504537075
2004-05-28,248.062993286,0.0118685801757,0.50112301138,0.81668585716,5.87511540597,0.488688180731,0.022773310656,0.961549725919,0.0346418908317,0.205797795127
2004-05-29,242.481286584,0.0117794930509,0.489854431337,0.804358948546,5.8309294508,0.48131200972,0.0228367843855,0.949675846016,0.0346162774364,0.203496492046
2004-05-30,231.924972091,0.0115354639272,0.468536409925,0.785629417452,5.71004108259,0.470104639841,0.0226655590668,0.920607939235,0.034201022994,0.200678163677
2004-05-31,222.86690007,0.0112922922424,0.450244651415,0.771215785445,5.58957926285,0.461479816059,0.0225971135102,0.900988858325,0.0338894057527,0.198719198561
2004-06-01,236.157792397,0.0114719786265,0.477103188957,0.804421087908,5.67843017941,0.481349192649,0.0239878215771,0.99761920268,0.0354598002036,0.204737115537
2004-06-02,236.05782294,0.0116365852938,0.476908410533,0.792718294924,5.75982081726,0.474346479717,0.0242587479346,0.994209265594,0.0358953332284,0.201702393439
2004-06-03,214.056452154,0.0111730783206,0.432465627548,0.748666170169,5.53031120302,0.447986585622,0.0232988627853,0.90180673817,0.0344719411059,0.194578542784
2004-06-04,197.816526536,0.010664442835,0.399662146333,0.72487697103,5.27846597037,0.433751613452,0.0227734280814,0.853460165446,0.0334378709164,0.191624441765
2004-06-05,193.388823962,0.0104865810023,0.390723652807,0.720684602618,5.1903373467,0.431242985594,0.0230377674977,0.858373255049,0.0335243485,0.191638694507
2004-06-06,186.246089571,0.0103520006266,0.376297998412,0.703099963742,5.12365105337,0.420720695896,0.022866626347,0.831207998837,0.0332186269736,0.188228054016
2004-06-07,179.15059819,0.0101118662004,0.361969147923,0.692388263972,5.00469967954,0.414311032956,0.0229341617281,0.820962106752,0.0330460279285,0.187299129453
2004-06-08,180.533294593,0.010110884995,0.364767666502,0.697809087996,5.00414797423,0.417554743627,0.0234549054956,0.846176289206,0.0335657904905,0.188168669535
2004-06-09,174.055472338,0.0100176168009,0.351684946011,0.679045414286,4.95790634132,0.406326943502,0.0233158232079,0.818540396292,0.0333334400088,0.184483598967
2004-06-10,175.750966209,0.00994066745476,0.355116579002,0.690979017442,4.91974189108,0.413467768539,0.0240499822315,0.859152310845,0.0339906496862,0.187479635433
2004-06-11,192.987222677,0.0103538723155,0.389949621049,0.728475842842,5.1241620821,0.435905105034,0.0257433017548,0.969549407023,0.0360971740703,0.193732217183
2004-06-12,168.56179078,0.0100910546957,0.340600474555,0.652857120947,4.9940219625,0.390656402233,0.0239423225634,0.808118345699,0.0340333772591,0.178904969331
2004-06-13,149.324690287,0.0092621182291,0.301734543532,0.630121312536,4.58370765167,0.377051757617,0.0231036649448,0.752654373824,0.0323657831739,0.177069027052
2004-06-14,151.35945786,0.00922943118824,0.305851212724,0.640980367186,4.56745516412,0.383549594717,0.0238735835479,0.791139164623,0.0331030147362,0.1795869679
2004-06-15,148.426921528,0.00924370820995,0.299930210962,0.627600732728,4.57444799812,0.375543494005,0.0239342479308,0.776593534547,0.0331779561407,0.176428589293
2004-06-16,175.151236607,0.00972081387756,0.353938427327,0.704262470538,4.8104767384,0.421416316282,0.026771690086,0.974767134242,0.0364925039635,0.191324510949
2004-06-17,160.148009253,0.00983866990138,0.323624806658,0.636231066083,4.86873492387,0.380707709681,0.0254836014265,0.838235825296,0.0353222713279,0.176264800133
2004-06-18,154.082590985,0.00927787956146,0.311372834644,0.649144597075,4.59115106594,0.388434903574,0.0258932002363,0.868995884476,0.0351710797977,0.181328434155
2004-06-19,146.665347978,0.00926209641311,0.296388255883,0.618957957309,4.5832740214,0.370371833251,0.0254556128497,0.814582828598,0.0347177092628,0.174462260136
2004-06-20,131.306742372,0.00874270316603,0.265354997975,0.587071497176,4.32618899592,0.351291625046,0.0245169544535,0.744128706628,0.0332596576196,0.169527891046
2004-06-21,136.709177169,0.00870437596585,0.276277140142,0.61392704787,4.30715359024,0.367361439524,0.0257421199243,0.817055616826,0.0344464958901,0.175939198611
2004-06-22,131.482290874,0.00877628041695,0.265717966945,0.58562537536,4.34267004163,0.35042629521,0.0253798597524,0.768421747525,0.0341561401694,0.1689615698
2004-06-23,381.192589843,0.0136008938115,0.770376793223,1.09558278286,6.72990149987,0.655574419835,0.0361646532183,2.0484249021,0.0497655470298,0.25367782616
2004-06-24,253.845715864,0.0140896108555,0.513014550243,0.704271544382,6.97170743436,0.421421745886,0.0313808390162,1.14260267223,0.0454704498717,0.176962794553
2004-06-25,122.003314956,0.00881350530952,0.246568408462,0.541125771912,4.36096769595,0.32379863898,0.0251374914388,0.703251548519,0.0339509967483,0.159701047451
2004-06-26,108.233057877,0.00780841743752,0.218742506311,0.541850674283,3.86357873783,0.324232405792,0.0248983495829,0.697494394268,0.0327067670204,0.163494936645
2004-06-27,119.748365384,0.00813732981538,0.242019155327,0.575277355011,4.02625958541,0.344234250626,0.026685740365,0.793683000312,0.0348230701804,0.16956781638
2004-06-28,105.046957392,0.00800715197409,0.212309698314,0.512862823172,3.96179241424,0.30688666618,0.0249318769078,0.661068914617,0.0329390288818,0.155516486015
2004-06-29,99.1418424115,0.00744736823005,0.200378286585,0.520423965766,3.68475956166,0.311411099885,0.0251680393633,0.677169229255,0.0326154075933,0.159922908168
2004-06-30,99.1523001346,0.00755007893067,0.200402568123,0.513406363912,3.73551945559,0.307211909887,0.025467602041,0.675989337306,0.0330176809717,0.157395431048
2004-07-01,90.472658449,0.00728097214909,0.182862502437,0.485785721711,3.60231812231,0.290684280236,0.0246378151765,0.618781729349,0.0319187873256,0.151930474741
2004-07-02,84.8880339729,0.0069683408415,0.171578262967,0.47625806001,3.44757397504,0.284983121557,0.0245032275964,0.603331743339,0.0314715684379,0.151362481885
2004-07-03,120.969763342,0.00789111037501,0.244511002261,0.599335144001,3.90406053611,0.358629941491,0.0294344922052,0.912046194781,0.0373256025802,0.176738536538
2004-07-04,112.714527362,0.00838657122737,0.227827715502,0.525450213069,4.1491370354,0.314418703885,0.0281705723219,0.765275457931,0.0365571435493,0.157224744893
2004-07-05,135.914060925,0.00841077549266,0.274724617252,0.631787447973,4.16104921419,0.378048739123,0.0312850496709,1.02187643744,0.0396958251636,0.181805566191
2004-07-06,138.726055262,0.00908136884776,0.280411534062,0.597247052269,4.49276268483,0.357380469934,0.0313236771206,0.96720224683,0.0404050459683,0.170305119203
2004-07-07,119.107580069,0.00835963516543,0.24075907372,0.557063619299,4.13565270638,0.333335522196,0.0302380945016,0.870862840207,0.038597729667,0.164406934569
2004-07-08,85.7775142529,0.00745618908622,0.17338933549,0.449795313421,3.68865457503,0.269148353054,0.0264309029885,0.614635258386,0.0338870920748,0.1423164083
2004-07-09,87.5277154501,0.00682427204602,0.176930181188,0.501481651854,3.37598106658,0.300076405102,0.0281502408586,0.729840074079,0.0349745129046,0.158467764219
2004-07-10,88.2118540145,0.00722968859015,0.178315545236,0.47706666548,3.57649263636,0.285466974599,0.028139406716,0.694040080511,0.0353690953061,0.149803719156
2004-07-11,70.5363905099,0.00656351971761,0.142587647488,0.420198566446,3.24689408989,0.251438262561,0.0257625878148,0.559673307582,0.0323261075325,0.138810150523
2004-07-12,61.6826520502,0.00597088624229,0.124692102986,0.403933255182,2.9536762128,0.241705431631,0.0248691195354,0.519350509866,0.0308400057777,0.137453697288
2004-07-13,59.4788441225,0.00583930317013,0.120239090623,0.398285151709,2.88853650873,0.238325721567,0.0248814825367,0.512343124923,0.0307207857068,0.136442243686
2004-07-14,58.4162156219,0.00577146574473,0.118093298642,0.395775210239,2.85492226296,0.236823823719,0.0248931507777,0.509353155498,0.0306646165224,0.136289297466
2004-07-15,64.6308430549,0.0059434654228,0.130658418183,0.425213566735,2.93996503468,0.254439136576,0.0263133269176,0.578460111669,0.0322567923404,0.143216987363
2004-07-16,65.117740499,0.00615566744419,0.131644753055,0.413654603377,3.04488516197,0.247522488363,0.0260516740948,0.557139617105,0.032207341539,0.138880405751
2004-07-17,62.2328882348,0.00596069442695,0.125815062799,0.408267902123,2.94838488986,0.244299196062,0.0256881994158,0.542212398624,0.0316488938427,0.138713699263
2004-07-18,60.1937353203,0.00589433225759,0.121694109648,0.399341460166,2.91552217957,0.23895779503,0.0251447661412,0.519137672282,0.0310390983988,0.136302287968
2004-07-19,76.1944607511,0.00630627463127,0.154045503598,0.472482364856,3.11922895285,0.282723822489,0.0283854864081,0.69338187825,0.0346917610393,0.153557789901
2004-07-20,71.1207325747,0.00665646518719,0.143789659541,0.417824062402,3.29239725569,0.250017407711,0.0266930458493,0.576609937385,0.0333495110365,0.137522209293
2004-07-21,60.0014605891,0.00589366505529,0.121311060073,0.39812954176,2.91505581872,0.238232607743,0.0250563214548,0.515741713974,0.0309499865101,0.136343536226
2004-07-22,59.0082468523,0.00579315055364,0.119305261431,0.398340292979,2.86528568665,0.238358716979,0.0250211926391,0.515291273979,0.0308143431928,0.136825278296
2004-07-23,59.0713243241,0.005797372309,0.11943486857,0.398482635506,2.86732395652,0.238443891848,0.0250626684098,0.516329872912,0.0308600407188,0.136829054871
2004-07-24,63.1187571347,0.00591445880104,0.12761996038,0.417362140859,2.92519514609,0.249741003269,0.0259606877635,0.560169925138,0.0318751465646,0.141207304842
2004-07-25,61.7382946394,0.00600860937739,0.124830744409,0.401843590889,2.97171420285,0.240455019085,0.0253706586471,0.527083390875,0.0313792680245,0.13629575204
2004-07-26,58.4810580062,0.00578116778502,0.11824720854,0.395625959007,2.85916947008,0.236734514823,0.0249020044803,0.509342165172,0.0306831722653,0.136278046917
2004-07-27,72.4404544616,0.00618521244944,0.146474705396,0.458054831878,3.05895546653,0.274090680649,0.0277971058638,0.658275350366,0.0339823183132,0.150364039441
2004-07-28,68.3745583322,0.00647905663038,0.138255380503,0.41274300598,3.20423432274,0.246977007051,0.0263199625126,0.561636768993,0.032799019143,0.137004152659
2004-07-29,68.3854784991,0.00611275995088,0.138279778131,0.437553124728,3.02303069793,0.261822876718,0.0269709431196,0.610123096688,0.0330837030705,0.145611021072
2004-07-30,64.6705168909,0.00622842975713,0.130769834343,0.406105114977,3.08018874411,0.243005028291,0.0257895438522,0.541467835207,0.0320179736094,0.13645859194
2004-07-31,61.3969136058,0.00588361115732,0.124152371067,0.408150668527,2.90961471627,0.244229045866,0.025507240778,0.538238224329,0.0313908519353,0.138848379505
2004-08-01,60.2886107675,0.00590283553436,0.121913196764,0.399484095151,2.91907491068,0.2390431449,0.0251487664969,0.519405716197,0.0310516020312,0.136299908623
2004-08-02,58.4069471625,0.00577422745503,0.118110518614,0.395643601017,2.85541882153,0.236745071442,0.0248912846875,0.509145607149,0.0306655121426,0.13627815489
2004-08-03,130.473456968,0.00789847900113,0.263846715181,0.646126689438,3.90583547483,0.38662904912,0.0336629416851,1.124502146,0.0415614206862,0.188292315152
2004-08-04,104.878822915,0.0088079685528,0.212090266377,0.465751689613,4.3555481818,0.27869632353,0.0298630348064,0.719082836063,0.0386710033592,0.14061881834
2004-08-05,88.7665426865,0.0068849180218,0.17951022583,0.504312667054,3.40454348296,0.30177042693,0.0298924455141,0.779384682266,0.0367773635359,0.159410170365
2004-08-06,75.1310825763,0.00698806187641,0.151937507101,0.420550071903,3.45550393647,0.251648596266,0.0270695272763,0.588557537913,0.0340575891527,0.136663645543
2004-08-07,59.8501170239,0.00589184968974,0.121036812896,0.397351884972,2.91339374345,0.237767273762,0.0250064689501,0.513710203567,0.0308983186398,0.136291444396
2004-08-08,58.3981418656,0.00577405971183,0.118102804048,0.395629252121,2.85509189142,0.236736485355,0.0248962126443,0.509227938436,0.0306702723561,0.136278002381
2004-08-09,82.823494512,0.00650379814,0.167502184353,0.498153147117,3.21588217872,0.298084695671,0.029374402751,0.756523575751,0.035878200891,0.159065723847
2004-08-10,86.4608022277,0.00719639227459,0.174860450469,0.469987406618,3.5582994756,0.281230890302,0.0291353455922,0.707940793165,0.0363317378668,0.148101442804
2004-08-11,210.317494037,0.0100432091548,0.425356641264,0.819200422709,4.96586247075,0.490192845533,0.037160335233,1.57383911251,0.0472035443878,0.215417845674
2004-08-12,133.669369233,0.0109196644561,0.270340791397,0.478863509788,5.39920243829,0.28654216963,0.0310268987486,0.768140486005,0.0419465632047,0.137349265576
2004-08-13,63.3021435691,0.00621961090571,0.128027983419,0.398154057092,3.07522380642,0.238247277218,0.0252446920402,0.519650997937,0.0314643029459,0.136343562173
2004-08-14,58.791870651,0.00580223335187,0.118908437641,0.396393878151,2.8687968615,0.237194021995,0.024948094418,0.51127535717,0.0307503277699,0.136431621127
2004-08-15,72.3161576106,0.00618742981908,0.146263704136,0.457231074792,3.05920838424,0.273597761189,0.027774118484,0.65654812537,0.0339615483031,0.150141198524
2004-08-16,81.737505393,0.00679819988327,0.165321276198,0.470375048751,3.36113966938,0.281462847458,0.0288400363259,0.701343251575,0.0356382362091,0.150321392199
2004-08-17,161.265478101,0.00890498831783,0.326177900978,0.708484961897,4.40271150882,0.423942969098,0.0353602016724,1.29519724766,0.0442651899902,0.197175451849
2004-08-18,805.610246349,0.0193460930993,1.62943817033,1.6291237279,9.56489857138,0.974834452921,0.0489579030269,4.12351349299,0.0683039961261,0.467143130595
2004-08-19,2380.14439224,0.0386872270417,4.81411546995,2.40690172195,19.1273323354,1.44024096093,0.0685423718098,8.52919471641,0.107229598851,0.323903150407
2004-08-20,844.972315689,0.0244958111734,1.70907614092,1.34951912204,12.1108017346,0.807524752422,0.0499924330924,3.48797898627,0.0744882442658,0.232486002287
2004-08-21,309.981693677,0.0145039904591,0.626991674878,0.836149098498,7.17070370742,0.500334587874,0.0233866659627,1.0109800405,0.0378906564218,0.193971085397
2004-08-22,210.244777338,0.0110581682067,0.425263623793,0.743848515761,5.46701382934,0.445103799362,0.014520684654,0.558421508921,0.0255788528607,0.194755178159
2004-08-23,494.846665521,0.0154822191347,1.00094634274,1.25050963956,7.65408112954,0.748279494968,0.0386092097934,2.49613747246,0.054091428928,0.31428317669
2004-08-24,1334.0157624,0.0266183152371,2.69839428093,1.96080452547,13.1594008873,1.17330548573,0.0563536817621,5.71277525349,0.0829719969992,0.358155643821
2004-08-25,1210.22398601,0.0278088666118,2.44801861153,1.70271077077,13.7478355919,1.01886744038,0.0520524566762,4.58218540505,0.079861323288,0.278147268322
2004-08-26,589.147225377,0.0193875274482,1.19173348146,1.18895706569,9.58444835253,0.711447688615,0.0337658316738,2.07555461843,0.0531533591219,0.238510986619
2004-08-27,339.342431322,0.0146958650991,0.686435999056,0.90347127997,7.26496075376,0.54061880989,0.018449473052,0.86176501901,0.0331453381511,0.20639255407
2004-08-28,243.592832451,0.0119720226985,0.492757941354,0.796114543064,5.91831947199,0.476378725422,0.0130192804652,0.535862151409,0.0249913031636,0.200956478267
2004-08-29,272.800284825,0.0121586674794,0.551849838138,0.877898678058,6.01049003235,0.525316685829,0.0177511993788,0.805680106024,0.0299098668582,0.224606990134
2004-08-30,297.629740884,0.0131461068188,0.602085637074,0.885871168084,6.49853131381,0.530087261458,0.0212140842258,0.971595286122,0.0343601910447,0.21063702709
2004-08-31,228.088120436,0.0118377290972,0.461414221378,0.753931754872,5.85167351787,0.451137404246,0.0158798609411,0.618969534747,0.0277175900383,0.190018491056
2004-09-01,182.832681289,0.0103312297219,0.369870143224,0.692479169492,5.10689079849,0.414365428967,0.0150475463192,0.538719809945,0.0253787760411,0.185905918712
2004-09-02,168.093492606,0.00987802178109,0.340058262901,0.665875152823,4.88278440012,0.398446127326,0.018192524244,0.626291207826,0.0280705460251,0.181072453532
2004-09-03,152.526450201,0.00943488406779,0.308570587687,0.632597420163,4.66366346094,0.378533409982,0.0204015691563,0.667239166806,0.0298364532241,0.175296063289
2004-09-04,135.056757448,0.00890742649586,0.273232640757,0.593321094517,4.40287125433,0.355031256789,0.0218678342016,0.670789266609,0.0307752606974,0.168670120269
2004-09-05,132.222921322,0.00862109647812,0.26750382629,0.600173685623,4.26127198681,0.359131707717,0.0241568246097,0.749561616729,0.0327779210878,0.173525578747
2004-09-06,121.116438719,0.00850551063128,0.245037609469,0.557239395079,4.20407773068,0.333440702842,0.0237475914965,0.684150934989,0.0322531021278,0.162626592626
2004-09-07,107.286648467,0.00787432654692,0.21706127798,0.533185575343,3.89203506042,0.319047387098,0.0237703955514,0.655247455858,0.0316447220983,0.161064358589
2004-09-08,103.577500282,0.00770703483061,0.209560352672,0.525934010104,3.80928640443,0.314708198176,0.023818613139,0.647646867995,0.0315256479696,0.159956791665
2004-09-09,100.810550358,0.00760562975976,0.203965468664,0.518717528954,3.75910553353,0.310390002858,0.0237698248376,0.637451942336,0.0313754545973,0.158585967664
2004-09-10,99.2149758277,0.00752705099457,0.200740434148,0.515845275934,3.72020806694,0.308671305159,0.0239917853077,0.639841739101,0.0315188363023,0.158192141445
2004-09-11,100.487955133,0.00754461079342,0.203319262132,0.521256089092,3.72882777047,0.311909025533,0.0246517238214,0.664337821377,0.0321963346148,0.159513520101
2004-09-12,103.803522845,0.00765861877169,0.21003096423,0.530447407507,3.78511621627,0.317408923242,0.0255269473097,0.700054346237,0.0331855660814,0.161191303216
2004-09-13,100.959173357,0.0076462963136,0.204278895491,0.516751604636,3.77896969342,0.309213633793,0.0254812001757,0.680757220778,0.0331274964893,0.157815642853
2004-09-14,102.627619959,0.00758922112649,0.207657990417,0.529250036646,3.75070422279,0.31669244091,0.0262946038896,0.719478917731,0.0338838250161,0.161314948119
2004-09-15,96.1358346305,0.00753836408712,0.194525237001,0.499123825079,3.72551620775,0.29866552959,0.0256317085037,0.661418593451,0.0331700725909,0.154015646194
2004-09-16,87.7300251126,0.007120737413,0.177519346848,0.48220329909,3.51906698145,0.288540631516,0.0250575194373,0.624681718501,0.0321782568503,0.152008341905
2004-09-17,85.6581710415,0.0069934340164,0.173329807332,0.479393597488,3.45609780778,0.286859363312,0.0252899678828,0.626802976948,0.0322834018992,0.151910431857
2004-09-18,79.6963930728,0.00683852118784,0.161268503104,0.456138589118,3.37949111036,0.272944040016,0.0246410836323,0.581095029626,0.0314796048201,0.146729383165
2004-09-19,76.3743333233,0.00659861430825,0.154548696309,0.453024884623,3.26088010243,0.271080862674,0.0247256624414,0.579109297374,0.0313242767496,0.146962386669
2004-09-20,76.468370343,0.00660056030136,0.154741434337,0.453456124524,3.26179017119,0.271338907846,0.025206463859,0.590932313927,0.0318070241604,0.147183400104
2004-09-21,72.5120789017,0.00650488527197,0.146737749193,0.436326578833,3.21446087788,0.261088936639,0.0248439601687,0.560432143499,0.0313488454406,0.143069022406
2004-09-22,69.0700342267,0.00628967593259,0.139774872229,0.429843428204,3.10805601188,0.257209551367,0.0248567196306,0.552388524882,0.0311463955632,0.142754298275
2004-09-23,81.3784336102,0.00661661369546,0.164685281116,0.481424804657,3.26956759396,0.288074796305,0.0275535063566,0.685797471173,0.034170120052,0.154117313595
2004-09-24,77.932331617,0.00685080243202,0.157713565517,0.445283972903,3.3852446695,0.266448858786,0.0268851129981,0.618927063265,0.0337359154301,0.143666613416
2004-09-25,65.4527195719,0.00623742094039,0.132460288788,0.410761849357,3.08210232214,0.245791523284,0.0252664458215,0.536568037036,0.0315038667619,0.137854047151
2004-09-26,60.1855078726,0.00589186128047,0.121802722102,0.399865502506,2.9113032727,0.239271371291,0.0248448264009,0.513618250962,0.0307366876814,0.136699079041
2004-09-27,76.3366176077,0.00632361293209,0.154491686189,0.47255165797,3.12459028834,0.282765286077,0.0283823146361,0.693406078641,0.0347059275682,0.153486170972
2004-09-28,79.0206674984,0.00684365064661,0.159925827107,0.45200186915,3.38150411353,0.270468711054,0.0282358287988,0.659828870272,0.0350794794454,0.145268045885
2004-09-29,73.861855225,0.00649584881651,0.149487706511,0.445121966642,3.20959800673,0.266351917539,0.0277259317929,0.63805148052,0.0342217806095,0.145782342452
2004-09-30,75.3021057436,0.00680072699291,0.153529362113,0.436662162739,3.33557735215,0.261289743213,0.027299850568,0.61630596962,0.0341005775609,0.143647510878
2004-10-01,76.5836464215,0.00697024651876,0.15694057558,0.435508423824,3.4013313185,0.260599369348,0.0271641242894,0.611621596112,0.0341343708081,0.143859760726
2004-10-02,71.7416859068,0.00698663980765,0.147499723772,0.408349764897,3.39819835458,0.244348181078,0.0258556472323,0.545856224125,0.03284228704,0.137248764571
2004-10-03,133.35112823,0.00877204178854,0.275128376379,0.606658309041,4.25169400838,0.363011974276,0.0327946901033,1.02858035329,0.0415667318918,0.180626752076
2004-10-04,122.247707686,0.00996349779755,0.25279061791,0.49074804621,4.81827520481,0.293653634132,0.0307024480158,0.778972501722,0.0406659458133,0.147936062515
2004-10-05,81.7023786646,0.00793668324233,0.169409460456,0.412865000679,3.82768410843,0.247050006193,0.0267557030546,0.571103706702,0.034692386297,0.137474676036
2004-10-06,83.615612658,0.00764169504699,0.173870802118,0.44009497723,3.67494142383,0.263343869477,0.0275421027153,0.626662993182,0.0351837977623,0.146188641587
2004-10-07,95.3400496004,0.00832827755905,0.198746662727,0.461587576287,3.99512819321,0.27620460294,0.027996958201,0.668121585706,0.0363252357601,0.151097696141
2004-10-08,90.9462743656,0.0085512598493,0.190027180131,0.429828370151,4.09259993171,0.257200540935,0.0251520281821,0.558931557951,0.0337032880314,0.140043135612
2004-10-09,81.7812850833,0.00806253066542,0.171272263231,0.410889566954,3.84980093334,0.245867946893,0.0245116786418,0.520701359261,0.0325742093072,0.13835753922
2004-10-10,81.5848112569,0.0080726623385,0.171248988835,0.410318109817,3.8459008588,0.245525998583,0.0251458672583,0.533430504187,0.0332185295968,0.13899221142
2004-10-11,82.1510606814,0.00822337272282,0.172808852663,0.406467165231,3.90928347216,0.243221671788,0.0253742631617,0.533223709048,0.0335976358845,0.137823225569
2004-10-12,158.101713117,0.0105969767178,0.333366043699,0.608483544256,5.02570734065,0.364104157848,0.0291657127751,0.917512469685,0.0397626894929,0.186591370811
2004-10-13,430.099530491,0.0176691171839,0.908748607731,0.994805927563,8.3625756786,0.595271602488,0.0428333530112,2.20298215855,0.060502470195,0.278575291019
2004-10-14,2420.77257282,0.0431903655805,5.12518493477,2.29526121284,20.4000545811,1.37343755444,0.0649609571953,7.70859229114,0.108151322776,0.431473615939
2004-10-15,6931.27216594,0.0763215688166,14.7008483255,3.72567154494,35.9846965213,2.22936595918,0.0699604316406,13.4755837738,0.146282000457,0.532375144215
2004-10-16,8148.98986668,0.087773755415,17.3123729498,3.81506003074,41.3153901842,2.28285420821,0.0671977692315,13.2539941675,0.154971524646,0.474825836351
2004-10-17,4558.9626298,0.0695802011456,9.70098335876,2.69674285412,32.6991115298,1.61367599025,0.0548345872547,7.64512619516,0.1244147884,0.355203442087
2004-10-18,1988.21740046,0.04591125844,4.23760428326,1.78529775453,21.5408416657,1.06828580914,0.0338239140993,3.12194368297,0.0797351725393,0.29584278241
2004-10-19,1872.93290505,0.0413860339483,3.99872168894,1.86886024439,19.3845110565,1.11828790087,0.0321455507963,3.10590551713,0.0735315847445,0.354730504293
2004-10-20,4227.27776964,0.0620271738319,9.04008420645,2.81903156715,29.0048286128,1.68685106506,0.0486924890574,7.09663481514,0.110719662889,0.459555771805
2004-10-21,4659.03421227,0.0711608567973,9.97702741139,2.71187366609,33.2304255288,1.62272995992,0.0489337607468,6.86070255877,0.120094617544,0.3718795058
2004-10-22,2499.37069643,0.052976309708,5.35974496663,1.95691462807,24.7040553075,1.17097785036,0.032151796025,3.25287714192,0.085128105733,0.313405855156
2004-10-23,1581.46027205,0.0415727640088,3.39618304959,1.58012573734,19.3586958415,0.945515053479,0.0186091912729,1.52023136961,0.0601819552817,0.290858273744
2004-10-24,3927.57852194,0.0610676410623,8.44759111558,2.67566167102,28.3924674076,1.60106143972,0.0418704142293,5.7920059314,0.102938055292,0.475884354053
2004-10-25,5301.14368956,0.0790004136801,11.4152851407,2.79490374491,36.6869981164,1.67241346773,0.048172076414,6.96069757698,0.127172490094,0.372542512417
2004-10-26,2738.25854968,0.0572050623817,5.90379311764,1.99620952626,26.5324763301,1.19449111699,0.0302882376277,3.12586826073,0.0874933000094,0.319884849349
2004-10-27,3289.05350538,0.0583174915435,7.10112742587,2.35525496371,27.0111122478,1.40933659287,0.0348461972154,4.24310580212,0.0931636887589,0.41430989177
2004-10-28,5851.16562944,0.0798878529502,12.6480241498,3.06232580329,36.9573186969,1.83243337998,0.0467890110331,7.4077412227,0.126676863983,0.456073907522
2004-10-29,8492.84175648,0.0972446293637,18.379775249,3.65581346389,44.9343497222,2.18756430652,0.0511286803044,9.66360465272,0.148373309668,0.506288325711
2004-10-30,7190.36470656,0.0961341431223,15.5777729734,3.13427549721,44.3734512619,1.87548661118,0.0456249443357,7.3931592013,0.141759087458,0.397839655377
2004-10-31,3666.29936126,0.0675736237103,7.93743132019,2.27202040971,31.2122553825,1.35953073127,0.0274197959723,3.22082397529,0.0949934196826,0.347750677517
2004-11-01,2537.32425523,0.054592443001,5.48708513875,1.9441001171,25.244501639,1.16330990803,0.0175754989157,1.76651297515,0.0721679419167,0.330852047245
2004-11-02,2464.17074815,0.0520624589622,5.32246557328,1.97741416796,24.1036389405,1.18324435745,0.0193920188976,1.98249093563,0.0714544778598,0.349291645129
2004-11-03,2416.97356897,0.0522612637276,5.21431433719,1.92986423709,24.2244876205,1.15479144742,0.0209859694329,2.09385371667,0.0732472331604,0.327527045029
2004-11-04,2245.0595075,0.0490639383935,4.83733568426,1.90701134452,22.7711013987,1.14111674203,0.0208699939671,2.0576245987,0.0699339323605,0.339107146093
2004-11-05,2150.83241437,0.0484304220726,4.62848106291,1.84854358204,22.505379242,1.10613082397,0.0214895943065,2.05375414958,0.0699200163792,0.320737179924
2004-11-06,2281.31896195,0.0479525675339,4.90261448416,1.97754026599,22.3136250959,1.18331981194,0.0253087137889,2.58753333092,0.0732612813228,0.356492300082
2004-11-07,2323.34135911,0.0498271257632,4.98632132653,1.9356368552,23.2165988733,1.15824566451,0.0270245884295,2.70441610995,0.0768517141927,0.323387029408
2004-11-08,1830.37563636,0.0434601717579,3.92287525051,1.74591266787,20.2780956461,1.04471857557,0.0210969099448,1.90428483223,0.0645570817027,0.313421256236
2004-11-09,1861.80292255,0.0424749898619,3.98422064604,1.81434367332,19.8483134559,1.08566629526,0.0236591420782,2.21926462235,0.0661341319401,0.333797443045
2004-11-10,1956.84737417,0.0438692294955,4.18147227936,1.8436508258,20.5299427594,1.10320309831,0.0266257713173,2.53788192681,0.0704950008128,0.323695459683
2004-11-11,1930.44408511,0.0426860186544,4.1185020911,1.86622111084,20.0079957241,1.11670869711,0.0274297994565,2.64652666098,0.0701158181109,0.334946579743
2004-11-12,1987.65326801,0.0432219280138,4.23392305267,1.89473414717,20.2909229568,1.13377031723,0.029210667784,2.86141145011,0.0724325957978,0.331854419099
2004-11-13,1702.78727695,0.0403382145552,3.62113842917,1.7363525639,18.9684542205,1.03899800409,0.0254150985544,2.28149884845,0.0657533131096,0.305944667201
2004-11-14,1353.1118685,0.0353466041918,2.87259034636,1.57193815971,16.649749486,0.940615773806,0.0198612236696,1.61410581539,0.0552078278614,0.294314737456
2004-11-15,1292.44571624,0.0335878585066,2.73886482083,1.57723984427,15.8498088385,0.94378819385,0.0205416426015,1.67503332409,0.054129501108,0.304437069849
2004-11-16,1506.67681785,0.0355382546006,3.18685075545,1.73450312998,16.8017483285,1.03789134051,0.0270570617015,2.42630985942,0.0625953163021,0.326372985197
2004-11-17,1725.09024564,0.0380116445692,3.6418501481,1.85316832732,18.0055506407,1.10889817735,0.0318034825501,3.04705357917,0.0698151271193,0.331031692143
2004-11-18,1545.09119712,0.0364292112802,3.25545581706,1.72850839777,17.2898840685,1.03430421487,0.0290248172591,2.59377040745,0.0654540285393,0.305398161453
2004-11-19,1200.52583215,0.0317004404531,2.52433683563,1.54025087829,15.0761170686,0.921654750088,0.0224923214463,1.79108538348,0.0541927618993,0.288942708171
2004-11-20,1009.20534717,0.0285352160505,2.11749630237,1.4353273238,13.5999730382,0.858870632411,0.0189908719277,1.40924466857,0.0475260879782,0.280520886611
2004-11-21,1514.8148848,0.0326667857921,3.17062610451,1.87736226003,15.6070541671,1.12337533384,0.0322718478192,3.13229357144,0.0649386336114,0.368768716081
2004-11-22,2468.94709764,0.0426422804582,5.15588844226,2.33868939704,20.4196688414,1.39942409522,0.0440582301649,5.32709126371,0.0867005106231,0.381779394822
2004-11-23,2136.01039211,0.0408662868161,4.45023219283,2.10633259909,19.614889638,1.26038652052,0.0395109000322,4.30263410234,0.0803771868483,0.33284841886
2004-11-24,1393.97599348,0.0325414105597,2.89697047549,1.72193657896,15.6584078085,1.03037177237,0.0277074225152,2.46662893825,0.0602488330749,0.30289109096
2004-11-25,1060.37279518,0.0276344358214,2.19792060978,1.53840561286,13.3320575023,0.920550580841,0.0207893501977,1.65349282174,0.0484237860191,0.290305916831
2004-11-26,920.125547518,0.0252438167015,1.90192589926,1.4572968672,12.21261074,0.872016759658,0.0185110638402,1.39466516323,0.0437548805417,0.283765447388
2004-11-27,2164.75860549,0.0357723184883,4.45997303853,2.41154073071,17.3629826048,1.44301684928,0.0412871766284,5.14754710852,0.0770594951167,0.445603690428
2004-11-28,2938.94802701,0.0451644923428,6.03841952825,2.58604219568,21.9819267344,1.54743497126,0.0479786819071,6.41467211828,0.0931431742499,0.363447868006
2004-11-29,1551.49576211,0.0312638410551,3.15237607395,1.95031672656,15.3870337061,1.1670298005,0.0327228703507,3.29949200365,0.0639867114058,0.319882061459
2004-11-30,1067.27321503,0.0251569077609,2.1618457534,1.66217560291,12.4196158695,0.994612021648,0.0225119920116,1.93455629735,0.0476688997726,0.30123287975
2004-12-01,902.346921517,0.0229113127252,1.82778278452,1.54306445116,11.3109460712,0.923338334781,0.0186391412012,1.48696418291,0.0415504539264,0.292203146799
2004-12-02,831.624310247,0.0218866709164,1.68455247642,1.48872435517,10.8049395072,0.890822328266,0.0177908610004,1.36931007326,0.0396775319168,0.288420717134
2004-12-03,783.035172146,0.021262993222,1.58615342401,1.44288011824,10.4968859291,0.863390070751,0.0176776595692,1.31869864047,0.0389406527912,0.282551248387
2004-12-04,731.199051882,0.0205470607496,1.48117414754,1.39433097463,10.1432983853,0.834339252177,0.0173477441234,1.2505452934,0.0378948048729,0.277183817409
2004-12-05,683.092862876,0.0198634318113,1.38374754506,1.34744806933,9.80566762411,0.806285476673,0.0170749623721,1.18949421675,0.0369383941834,0.271794579924
2004-12-06,640.69179123,0.0192266011852,1.29787505949,1.30568924235,9.49114898429,0.781297845247,0.0169526869809,1.14437645073,0.0361792881661,0.267234348776
2004-12-07,604.552679227,0.0186710210166,1.2246852762,1.26872029085,9.21674817104,0.759176377743,0.016995614844,1.1147906288,0.0356666358606,0.263036643326
2004-12-08,571.285877095,0.0181513834125,1.15731208782,1.23324742019,8.96009736907,0.737950134538,0.017089960346,1.08963692956,0.0352413437584,0.258824832591
2004-12-09,540.919840537,0.0176593821491,1.09581317093,1.20024655515,8.71709743002,0.718203089132,0.0172446924278,1.07008053461,0.034904074577,0.254944510396
2004-12-10,513.309218903,0.0172011568932,1.03989454719,1.16934079361,8.49077671665,0.699709710989,0.0174575070682,1.05539217626,0.0346586639613,0.251243848704
2004-12-11,488.363642096,0.0167734960902,0.989373395202,1.14089609297,8.27954913787,0.68268898156,0.0177227058743,1.04536189646,0.0344962019645,0.24784465831
2004-12-12,465.392010969,0.0163759810715,0.942849593784,1.11363929711,8.08320946703,0.666379070147,0.0179949729405,1.03606329618,0.034370954012,0.24445801123
2004-12-13,443.199814384,0.0159816748084,0.897903613115,1.08671806491,7.88845841042,0.650269953191,0.0182861346641,1.02737582773,0.0342678094725,0.241104067748
2004-12-14,1022.68376108,0.0225865363182,2.07194371674,1.77434380479,11.1484128285,1.06173118875,0.0386262772787,3.54332649243,0.0612128135969,0.387445864923
2004-12-15,1591.8525386,0.0314030959251,3.22510030141,1.98646179556,15.5000134248,1.1886582735,0.0481638287546,4.94642881722,0.0795669246796,0.308015394679
2004-12-16,1018.00579726,0.0243909805027,2.062515263,1.63560100584,12.0387761478,0.978710324096,0.0360396636129,3.04753456986,0.0604306441156,0.30555952436
2004-12-17,887.106114878,0.0229048338708,1.79733329447,1.51778735443,11.3050919657,0.908213035001,0.0316718282184,2.4852758887,0.0545766620892,0.284894203141
2004-12-18,699.407946552,0.0204015933966,1.41706572324,1.34349285866,10.0694246639,0.803918759176,0.0248445937435,1.7256702218,0.0452461871401,0.265666730078
2004-12-19,578.514277372,0.0183950736865,1.172141887,1.23250335736,9.07894588441,0.737504902492,0.0200985156021,1.2806859274,0.0384935892885,0.256659454882
2004-12-20,519.708858382,0.0173668451687,1.0530109246,1.17279309773,8.57132919086,0.701775499449,0.0183373587597,1.11185646643,0.0357042039283,0.25061149493
2004-12-21,500.650807998,0.0169035399938,1.01441188912,1.16076985764,8.34253920588,0.694581037502,0.0187231040999,1.12360720933,0.0356266440937,0.252481592068
2004-12-22,683.356734102,0.019004175793,1.38462922405,1.4092690411,9.37914011828,0.843277886861,0.0291388449539,2.12303320689,0.0481430207469,0.305529625343
2004-12-23,1185.68434255,0.0253025034459,2.40248462326,1.83656617296,12.4873982013,1.09896378637,0.04254940098,4.04008566986,0.0678519044259,0.343738967111
2004-12-24,1313.87046951,0.027770313058,2.66225235387,1.85429104504,13.7051599196,1.10956998876,0.0432542421798,4.1466478184,0.0710245552378,0.318834722048
2004-12-25,944.807240693,0.024108973783,1.91445784335,1.5359480955,11.8980593252,0.919080052518,0.0334830525059,2.65883952864,0.0575920262889,0.277885972035
2004-12-26,854.880971341,0.0217027465407,1.7322680054,1.54386685169,10.7103894927,0.923818474911,0.0307620934723,2.4553661999,0.052464840013,0.310457493622
2004-12-27,881.157081504,0.0229454052196,1.78553543835,1.50515837469,11.323497626,0.900656110779,0.031409739196,2.44420187427,0.0543551444156,0.278833542384
2004-12-28,693.727332883,0.0201234538919,1.40575776606,1.35119312041,9.93072230076,0.808526438946,0.0247095201477,1.72612514878,0.0448329740396,0.271536338495
2004-12-29,613.480012028,0.018958275998,1.24316437669,1.26835017209,9.35557968469,0.758954906214,0.0219189954767,1.43730971911,0.0408772714747,0.259989447468
2004-12-30,559.558878267,0.0179404218663,1.1339151945,1.22252396302,8.85315090925,0.731533436203,0.0204042457197,1.28963992186,0.0383446675861,0.258796676676
2004-12-31,558.090185039,0.0178308543259,1.13095590988,1.22682602251,8.79895025366,0.734107700969,0.0216991924824,1.37631262805,0.0395300468082,0.26098661773
2005-01-01,637.537565538,0.0187596853544,1.29197331394,1.33210190772,9.25716034693,0.797102646168,0.0268208927578,1.84714599656,0.0455805781122,0.281786741819
2005-01-02,697.634977209,0.0200718642585,1.41378084636,1.36239750384,9.90452982908,0.815230913755,0.0298121686115,2.09984844598,0.04988403287,0.271879413084
2005-01-03,592.229496634,0.0187732641643,1.20019006707,1.23657281248,9.2636000674,0.739939981542,0.0252119406312,1.61181989729,0.0439852047956,0.253280223377
2005-01-04,494.162886316,0.0169866169178,1.00146732563,1.14035310279,8.38185673161,0.682364067297,0.0207136993624,1.22120215019,0.0377003162802,0.246121493107
2005-01-05,533.328015053,0.0171123111561,1.08085582991,1.22171120713,8.44374863814,0.731047099639,0.0243374696717,1.53721468363,0.0414497808278,0.270827696508
2005-01-06,723.857739881,0.019917129004,1.46700886935,1.42467387383,9.82759428856,0.852495824968,0.0335399045763,2.47040311287,0.0534570335803,0.292942616774
2005-01-07,1671.50596204,0.0293218792614,3.38760622682,2.23465548736,14.4679436517,1.33717232287,0.049633115458,5.73419764412,0.0789549947194,0.413162795601
2005-01-08,2321.62090492,0.0370871137443,4.70522220246,2.4539547956,18.2992885069,1.46839656172,0.0536945511231,6.8121988634,0.0907816648673,0.368012138545
2005-01-09,1528.34527454,0.0307314831228,3.09753288757,1.94958360014,15.1631374759,1.16659111258,0.042511845112,4.28491647537,0.0732433282348,0.315734769005
2005-01-10,945.408047324,0.0240809157398,1.91610875666,1.53906376843,11.88152366,0.92094440773,0.0287915530266,2.29093226638,0.0528724687664,0.281419558468
2005-01-11,1050.21572036,0.0236788554998,2.12856166663,1.73874136545,11.6829625733,1.04042741428,0.0321796394258,2.89272202908,0.0558584949256,0.342877697846
2005-01-12,1265.96371989,0.0273286621684,2.56586730662,1.81603944809,13.4835869061,1.08668101234,0.0368334657257,3.45826608388,0.0641621278941,0.312401515482
2005-01-13,917.932911192,0.0235929505062,1.86050165139,1.52530698865,11.640272249,0.912712630937,0.0274078652326,2.1613396134,0.0510008157388,0.281240762872
2005-01-14,695.150900495,0.0202543885206,1.40898022996,1.34553568409,9.99294107867,0.805141144298,0.0198508410472,1.38090777489,0.0401052295678,0.26844316102
2005-01-15,612.564555765,0.0188474447897,1.24160765682,1.27421102737,9.29865129412,0.76246192263,0.0176066934426,1.15987104,0.0364541382323,0.263040155444
2005-01-16,563.483727901,0.0180886263843,1.14214300048,1.22130560676,8.92414226884,0.730804396635,0.0169064864738,1.06750091348,0.0349951128581,0.256308692007
2005-01-17,524.751880855,0.0174053217281,1.06365250166,1.18202637541,8.58689778798,0.707300504733,0.0166503943683,1.01751831423,0.0340557160964,0.252714129757
2005-01-18,491.01134225,0.0168723843653,0.995276708609,1.14097686194,8.32384805403,0.682737312062,0.0165535899008,0.976471500142,0.0334259742661,0.246895888522
2005-01-19,612.914054353,0.0180352595508,1.24239202521,1.33243402772,8.89740422374,0.797301380013,0.02470942439,1.70215414549,0.0427446839408,0.297726710918
2005-01-20,1065.9284763,0.0239868219956,2.16069157311,1.7423264225,11.8333578652,1.04257263939,0.0397561829137,3.58116841892,0.0637430049093,0.332723560426
2005-01-21,1044.65068887,0.0253259425187,2.11758572962,1.61727860637,12.4938333917,0.967746573485,0.0380240261868,3.17931445892,0.0633499687055,0.282921017025
2005-01-22,676.545993472,0.0202423101675,1.37143036534,1.31045810994,9.98581786477,0.784151438471,0.0254609846624,1.72499913342,0.0457032948299,0.2605970068
2005-01-23,538.140391003,0.0177878316397,1.09088444276,1.18621987122,8.77485304447,0.709809807201,0.0195935309094,1.20162358632,0.0373813625491,0.250630201002
2005-01-24,614.340474429,0.0182053543807,1.24537201436,1.32315103804,8.98067879991,0.791746628085,0.0250949154853,1.7166655916,0.0433002698659,0.289604000915
2005-01-25,931.75077408,0.0225471082911,1.88884188184,1.62037006038,11.1223103456,0.969596436595,0.0368861966697,3.09007222708,0.0594333049608,0.316434996199
2005-01-26,935.007565662,0.0236993751218,1.89546788219,1.54699529069,11.6905674048,0.925690469084,0.0360628062523,2.88429085752,0.0597621813741,0.28220010409
2005-01-27,700.648364738,0.0203597670155,1.42039078549,1.34941178665,10.0430371779,0.807460525111,0.0277053625386,1.93285324084,0.0480651295541,0.268808056308
2005-01-28,626.14784622,0.0189917990502,1.26938033927,1.29281123603,9.36809378814,0.773591908596,0.0251096830859,1.67828955805,0.044101482136,0.267375860576
2005-01-29,563.812601597,0.0182552096853,1.14302404445,1.21109440386,9.00463757984,0.724694220831,0.0226834019864,1.42028902037,0.0409386116716,0.251214221919
2005-01-30,540.966228795,0.0188659716955,1.11294480996,1.14104798117,9.17013446614,0.682779868361,0.0197097041499,1.1627184273,0.0385756758454,0.247671354277
2005-01-31,641.033589321,0.0207141669764,1.32939766421,1.24135756582,9.9883407081,0.742803080471,0.0245532194522,1.57578108865,0.0452673864286,0.273974350692
2005-02-01,710.637225133,0.0231994326933,1.48082274559,1.23462528917,11.1332571862,0.738774623266,0.0272278860913,1.73795943941,0.0504273187846,0.251573582992
2005-02-02,595.462985726,0.0216659877852,1.24637978031,1.11270837763,10.3510133741,0.665822026894,0.0215954715708,1.24232319242,0.0432614593559,0.241449792114
2005-02-03,544.460233834,0.0210618454529,1.1445295434,1.05109033502,10.0192584512,0.628951045378,0.0191546802998,1.04089157554,0.0402165257527,0.235200328906
2005-02-04,563.245336102,0.0215001586961,1.18867363338,1.06937597013,10.1877115559,0.63989279694,0.0206070690588,1.1392976209,0.0421072277548,0.244735796626
2005-02-05,633.681651694,0.0233676186121,1.34233758275,1.11110921855,11.0312274264,0.664865122674,0.0244060975281,1.40199232553,0.0477737161401,0.246677984275
2005-02-06,626.848800695,0.0240346011636,1.3322964427,1.07219408123,11.3083398196,0.641579097216,0.0239987643126,1.33030991882,0.0480333654761,0.236356492765
2005-02-07,585.584551528,0.0235388248238,1.24860045012,1.02600190508,11.0395380497,0.613938639961,0.0220243720379,1.16826736449,0.0455631968617,0.233408439109
2005-02-08,556.575452913,0.0234722697681,1.19028123861,0.980853073422,10.9756322735,0.586922498795,0.0207975315002,1.05464498315,0.0442698012682,0.225352963973
2005-02-09,666.95983705,0.0250736522061,1.43062873941,1.10361807464,11.6893492553,0.660382574757,0.0264769738441,1.51069813853,0.0515506260502,0.262006430605
2005-02-10,810.116115785,0.0294036248291,1.74221841685,1.1460701056,13.672424827,0.68578500532,0.031449091901,1.86341607273,0.0608527167301,0.241279441421
2005-02-11,1380.87802844,0.0363706964744,2.97789615896,1.58367984233,16.8654287993,0.947641757505,0.0425655876008,3.48511060022,0.0789362840752,0.341033812038
2005-02-12,2903.21784319,0.0553541264643,6.2756171643,2.19288520497,25.6078539271,1.31217783677,0.054240207397,6.14932974789,0.109594333861,0.378183170961
2005-02-13,3412.83261063,0.0627122543296,7.39308358286,2.28025102881,28.9495478123,1.36445576608,0.0534335038815,6.29922117367,0.116145758211,0.366305028694
2005-02-14,2728.89835067,0.0585055339032,5.92379352162,1.95844970282,26.9515901239,1.17189640782,0.0459195822671,4.64944263904,0.10442511617,0.319314168101
2005-02-15,1750.78507094,0.0479274851455,3.80801015382,1.53681968022,22.0353208345,0.919601591056,0.0327446828571,2.60168219603,0.0806721680026,0.277631412075
2005-02-16,1235.65275659,0.0400368576227,2.69287195556,1.30096369361,18.3713352522,0.778470173142,0.0221378315631,1.48898663164,0.0621746891859,0.262281235598
2005-02-17,1141.44723335,0.0381975907357,2.49218181016,1.26198213685,17.4949251647,0.755144403648,0.0204711486402,1.33562937588,0.058668739376,0.265400679571
2005-02-18,1320.63418442,0.0409983979965,2.88858275481,1.36278512315,18.744100653,0.815462857258,0.0256995192562,1.810685094,0.0666979172527,0.284740163115
2005-02-19,1350.07452799,0.0434962254366,2.95782856696,1.31531836843,19.8534650322,0.787059718145,0.0263525348357,1.79202401051,0.0698487602723,0.26005576057
2005-02-20,1095.42250457,0.039491383279,2.40369295366,1.17729717272,17.9972029766,0.704470646178,0.0202685636775,1.23367174425,0.0597599469565,0.249100374726
2005-02-21,981.489736085,0.0376292156141,2.15704922913,1.10877735679,17.1218572129,0.6634697841,0.0178352531513,1.02238429458,0.0554644687655,0.242295393882
2005-02-22,1588.62367769,0.0454774607399,3.49687578288,1.48728245499,20.6603195019,0.889959524575,0.0322715397239,2.48143946256,0.0777490004638,0.327738606379
2005-02-23,2104.74458803,0.0578315793758,4.63901179221,1.55156466451,26.2384984476,0.928424689296,0.0388035182458,3.11265887366,0.0966350976216,0.273859058994
2005-02-24,1575.68625553,0.049090197828,3.47763389151,1.37024597265,22.2423499459,0.819927277618,0.0300659908407,2.12992640804,0.0791561886687,0.2795167051
2005-02-25,2372.72108355,0.0584194452187,5.24397768067,1.73625241621,26.4328068883,1.03893807775,0.0396737738009,3.56128654665,0.0980932190196,0.342755201676
2005-02-26,3731.21521813,0.0758356799651,8.25648116947,2.10586664839,34.2711667786,1.26010770512,0.0475886115823,5.18112945768,0.123424291547,0.362970877295
2005-02-27,4730.63967575,0.0865273481039,10.4805352373,2.34282325255,39.0561833638,1.40189771015,0.0493469663498,5.97710008472,0.135874314454,0.386803738152
2005-02-28,7071.29376679,0.105692450358,15.6847491761,2.87040427586,47.6502593073,1.71759144748,0.0530760568218,7.87648158112,0.158768507179,0.447654894982
2005-03-01,9341.56518158,0.12527626655,20.7427019047,3.20262419888,56.4187064472,1.91638508197,0.0543995849973,9.00724779252,0.179675851548,0.452004260094
2005-03-02,6714.89435696,0.111527001194,14.8996904483,2.58408430242,50.2622543445,1.54626340781,0.0457195892327,6.1080072063,0.157246590427,0.355899440421
2005-03-03,4365.42673615,0.0844704299236,9.67548682298,2.21552970937,38.1117229499,1.32572784693,0.0344348075508,3.94426223485,0.118905237474,0.370099029107
2005-03-04,4583.816013,0.0854766499415,10.1477202216,2.29630964111,38.6105675149,1.37406491256,0.0357218964859,4.24087527499,0.121198546427,0.372520808204
2005-03-05,3844.82859895,0.0795613161098,8.50201594707,2.06694734629,35.9796577017,1.23681918754,0.0311041631288,3.32382750653,0.110665479239,0.333151779945
2005-03-06,2730.0259542,0.0660144880708,6.02933708024,1.76660624623,29.8907265241,1.05710119132,0.021873281465,1.99776429171,0.0878877695358,0.310551405991
2005-03-07,2170.20998105,0.0578008241463,4.78690731982,1.60188171921,26.2047950993,0.958533389854,0.0168441183486,1.39498414788,0.0746449424948,0.296714576321
2005-03-08,1876.78196414,0.0528256106647,4.13408748749,1.51371667055,23.9816292325,0.905777220687,0.0151091969161,1.18243293605,0.0679348075808,0.289701873683
2005-03-09,1999.82072793,0.0524999880068,4.39865200843,1.6205776967,23.8688043589,0.969720681936,0.0198106735743,1.65981483833,0.0723106615812,0.319115000419
2005-03-10,2544.34697621,0.0588120687171,5.58799559628,1.83780342304,26.7785302667,1.09970413161,0.0292731377463,2.78137070135,0.0880852064634,0.333606385331
2005-03-11,2528.10901529,0.0592321035615,5.54415871046,1.81045591732,27.0095469536,1.08333994127,0.029954954812,2.80380087244,0.0891870583734,0.317955338155
2005-03-12,2004.88515292,0.0527007209347,4.38964521843,1.6110993467,24.0700301944,0.964049030373,0.0240303337684,2.00157868532,0.0767310547031,0.293408595704
2005-03-13,1565.19539338,0.0456457629301,3.42127797294,1.44976412203,20.8824124876,0.867509318389,0.0182980414428,1.37148953414,0.0639438043729,0.280347755329
2005-03-14,1847.98049664,0.0466569878649,4.03178489684,1.67143738913,21.3853679729,1.00015408585,0.0257613818584,2.2261263543,0.0724183697233,0.335259342072
2005-03-15,2120.65332222,0.051948766942,4.61838542155,1.71958792535,23.8536447579,1.02896638589,0.0309737342468,2.7536484717,0.0829225011887,0.300826665223
2005-03-16,1564.37689089,0.0439579773329,3.40037378734,1.49623019826,20.2233190262,0.895313671876,0.0229821484292,1.77778641869,0.0669401257622,0.283956394493
2005-03-17,1272.71448096,0.0388772987867,2.76076587752,1.3735451923,17.9224546165,0.821901463446,0.0186771975997,1.32631050588,0.0575544963864,0.272247051863
2005-03-18,1121.62695032,0.0356740407615,2.42771901536,1.31630209553,16.4817119658,0.787648360403,0.0173129310067,1.17819374871,0.0529869717682,0.26872148212
2005-03-19,1010.86867412,0.0334520848548,2.18292807906,1.26219278816,15.4909660049,0.755270453099,0.0168529562983,1.09974585077,0.0503050411531,0.261066628474
2005-03-20,905.624025453,0.0310931091265,1.95089755389,1.21361174285,14.4336982713,0.7262005452,0.0165721817618,1.03980045,0.0476652908883,0.256158173256
2005-03-21,861.748491367,0.0296515814957,1.85171522588,1.20791338202,13.7992091134,0.722790762159,0.0174145949164,1.08752615991,0.047066176412,0.257454357206
2005-03-22,830.906414395,0.0286458843716,1.78042578924,1.20218442931,13.368739778,0.71936267356,0.018323241461,1.13884323544,0.0469691258326,0.257406619142
2005-03-23,762.546371526,0.027223731538,1.62935240863,1.15764881212,12.7408641579,0.692713467439,0.0183180921739,1.09634594227,0.0455418237118,0.247866185689
2005-03-24,672.15359316,0.0250190831995,1.43174032941,1.10688454588,11.7456121928,0.662337164609,0.0174247653963,0.997148422648,0.0424438485958,0.242874554835
2005-03-25,610.903802615,0.0233730206916,1.29702602354,1.0733548011,11.0087746583,0.642273648346,0.0175259078701,0.972555447306,0.0408989285617,0.239098749879
2005-03-26,687.450702703,0.023468830311,1.45422812042,1.19853452929,11.0943143392,0.717178647735,0.0226021371749,1.40052414312,0.0460709674859,0.276545240606
2005-03-27,987.36073419,0.0277745660563,2.08045923481,1.44884319418,13.1814723761,0.866958253927,0.0345300609114,2.58648088168,0.0623046269677,0.29290586403
2005-03-28,1120.42581137,0.0293586924074,2.35138591681,1.54916137698,13.9892973442,0.926986610993,0.037929743273,3.03785546451,0.0672884356804,0.300318989071
2005-03-29,1245.21921385,0.0301069074469,2.60175584741,1.67151334681,14.4093842087,1.00019953739,0.0401730012162,3.47163988884,0.0702799086631,0.317723176406
2005-03-30,1059.59825657,0.0286028671018,2.203978709,1.49041524259,13.7512889713,0.891834120854,0.0355637836454,2.74034843035,0.0641666507472,0.270028883865
2005-03-31,607.149289678,0.0196956674663,1.23994466588,1.21770210939,9.64414851807,0.728648137219,0.0232045602181,1.46084770753,0.0429002276845,0.250926149126
2005-04-01,466.585141933,0.016620062912,0.946859020971,1.10195057203,8.18989336427,0.659384775161,0.0178890271432,1.01915298495,0.0345090900552,0.240077450363
2005-04-02,415.394823667,0.01552618588,0.842891834696,1.05006582029,7.65163094526,0.628337996632,0.0177356911852,0.962842348932,0.0332618770652,0.236288905836
2005-04-03,392.849584926,0.01508195741,0.797155171712,1.02233826173,7.432606497,0.611746390412,0.0197995814543,1.04650466282,0.0348815388643,0.232309114177
2005-04-04,370.023016962,0.0146463490607,0.750848264283,0.991590272678,7.21781819941,0.593347420109,0.0213418893059,1.09409658853,0.0359882383666,0.228265705856
2005-04-05,360.239163068,0.0143747768625,0.731006434953,0.983624969816,7.08387414753,0.588581145133,0.022489254903,1.1436553213,0.0368640317655,0.228464467589
2005-04-06,410.614373413,0.0150897765311,0.833241449313,1.06806458353,7.43611487444,0.639108089911,0.0240761962184,1.32946200957,0.0391659727495,0.242958121963
2005-04-07,1380.08503083,0.0263053660709,2.8005772821,2.05926704088,12.9629138168,1.23222344923,0.0464346848377,4.94362720926,0.0727400509086,0.436502251817
2005-04-08,2597.93236574,0.0394656899756,5.27196461442,2.58381992862,19.4480048374,1.54610521192,0.0577321399384,7.71206075603,0.097197829914,0.371751117187
2005-04-09,1423.06094229,0.0305098414853,2.88784376615,1.83080967842,15.0345265496,1.09551921729,0.0429705484582,4.06728532341,0.0734803899434,0.290197459266
2005-04-10,694.016694835,0.0209249134487,1.40840309969,1.30188540656,10.3111383911,0.7790217074,0.0225382899047,1.51699539601,0.0434632033533,0.255774592073
2005-04-11,508.651722789,0.0173087756373,1.03224965964,1.15352724568,8.52907866336,0.690247206038,0.0157161274829,0.937268330526,0.0330249031202,0.248096436272
2005-04-12,465.844880903,0.0164318122072,0.945393471813,1.11284990502,8.09681453162,0.665906713998,0.017077964485,0.982569416714,0.0335097766921,0.243987489918
2005-04-13,437.85858858,0.0159393143459,0.888611822747,1.07833054776,7.85400948288,0.645251033787,0.0190176742991,1.06022943375,0.034956988645,0.239058979224
2005-04-14,502.068946515,0.0166588609697,1.01893901095,1.18307517946,8.20843709716,0.707928087707,0.0216423424611,1.32375359048,0.0383012034308,0.257680088039
2005-04-15,646.103376175,0.0186548027166,1.31127108746,1.35960039419,9.19179194318,0.813557180317,0.0275768289952,1.93841227349,0.0462316317118,0.299620623576
2005-04-16,724.779215398,0.0210146535345,1.47096243899,1.35390691326,10.3544344144,0.810150317307,0.0316616496421,2.21622009155,0.0526763031766,0.25687105075
2005-04-17,1052.97923916,0.0232813101054,2.13708825944,1.7755156296,11.4710920773,1.06243238484,0.0402126805731,3.69128915617,0.0634939906785,0.364253268887
2005-04-18,2675.73713504,0.0377495400105,5.43062832242,2.7825813705,18.599661041,1.66504000989,0.0557460888891,8.01960206936,0.0934956288995,0.450335436389
2005-04-19,2483.19212853,0.0402435517651,5.03988605986,2.42233314614,19.8283194858,1.44947481083,0.0520905981136,6.52354645075,0.0923341498786,0.331772649507
2005-04-20,1037.74438033,0.0259464760436,2.10623811274,1.57014059501,12.7838393677,0.939540147709,0.0289612052507,2.3509625811,0.0549076812943,0.276265319236
2005-04-21,645.091111928,0.0196663946662,1.30931850402,1.28774541472,9.68948072138,0.770560624318,0.0160357283963,1.06760167642,0.0357021230625,0.261887640046
2005-04-22,561.647608122,0.0180642818826,1.13997483797,1.22062994731,8.89998653813,0.730400095784,0.0155647070582,0.982235248661,0.0336289889408,0.257179119727
2005-04-23,526.601162376,0.0174754782933,1.06885826744,1.18304293609,8.60975441051,0.707908793936,0.0175588322107,1.07395646975,0.035034310504,0.252191308574
2005-04-24,489.111136167,0.0168668697782,0.992779513014,1.13848620185,8.30977445913,0.681246951803,0.0189573138842,1.11582250255,0.0358241836624,0.246255858266
2005-04-25,449.771810478,0.0161832483396,0.912944616123,1.09115937929,7.97284827205,0.652927545249,0.0198609863652,1.12041663036,0.0360442347048,0.240266982775
2005-04-26,445.976985826,0.0159380414576,0.905256157944,1.09861618416,7.85192083682,0.657389545381,0.0213952439051,1.21521683498,0.0373332853627,0.24412594912
2005-04-27,526.998644221,0.0170746676161,1.06973124783,1.21180260229,8.41176389161,0.725117992343,0.0230667439289,1.44513599452,0.040141411545,0.261592269299
2005-04-28,530.175487811,0.0175270423511,1.07619274323,1.18765658245,8.63452043031,0.710669505933,0.019799170215,1.21570558686,0.0373262125662,0.260182222757
2005-04-29,473.938387706,0.0168609669495,0.962051469218,1.10363454769,8.30627024322,0.660392431891,0.018614532622,1.06210625473,0.0354754995715,0.23674320946
2005-04-30,402.688885619,0.0152896928868,0.8174348689,1.03410313327,7.53208558174,0.618786249888,0.0168025418417,0.898316512254,0.0320922347285,0.234339732439
